Date,Ticker,Open,High,Low,Close,Volume,DailyReturn_Pct
2023-01-01,AAPL,151.58,153.1,150.06,151.58,20738611,1.05
2023-01-02,AAPL,154.1,155.64,152.56,154.1,19360935,1.67
2023-01-03,AAPL,156.2,157.76,154.64,156.2,16612202,1.36
2023-01-04,AAPL,157.68,159.26,156.1,157.68,21550864,0.95
2023-01-05,AAPL,161.88,163.5,160.26,161.88,13979322,2.67
2023-01-06,AAPL,159.87,161.47,158.27,159.87,14659838,-1.24
2023-01-07,AAPL,157.35,158.92,155.78,157.35,19678624,-1.58
2023-01-08,AAPL,159.36,160.95,157.77,159.36,26740353,1.28
2023-01-09,AAPL,163.82,165.46,162.18,163.82,18537018,2.8
2023-01-10,AAPL,166.35,168.01,164.69,166.35,23675501,1.54
2023-01-11,AAPL,166.18,167.84,164.52,166.18,19809767,-0.1
2023-01-12,AAPL,165.58,167.24,163.92,165.58,21449467,-0.36
2023-01-13,AAPL,167.12,168.79,165.45,167.12,20426180,0.93
2023-01-14,AAPL,173.09,174.82,171.36,173.09,23010705,3.57
2023-01-15,AAPL,167.66,169.34,165.98,167.66,14604294,-3.14
2023-01-16,AAPL,169.23,170.92,167.54,169.23,19695714,0.93
2023-01-17,AAPL,163.48,165.11,161.85,163.48,14299838,-3.4
2023-01-18,AAPL,162.83,164.46,161.2,162.83,20770722,-0.4
2023-01-19,AAPL,163.95,165.59,162.31,163.95,18182491,0.69
2023-01-20,AAPL,162.29,163.91,160.67,162.29,18492124,-1.01
2023-01-21,AAPL,164.05,165.69,162.41,164.05,15411923,1.09
2023-01-22,AAPL,164.28,165.92,162.64,164.28,23057805,0.14
2023-01-23,AAPL,163.29,164.92,161.66,163.29,20481093,-0.6
2023-01-24,AAPL,164.81,166.46,163.16,164.81,18025920,0.93
2023-01-25,AAPL,164.64,166.29,162.99,164.64,16099565,-0.1
2023-01-26,AAPL,166.41,168.07,164.75,166.41,20488596,1.07
2023-01-27,AAPL,170.46,172.16,168.76,170.46,22633550,2.43
2023-01-28,AAPL,174.66,176.41,172.91,174.66,23685903,2.46
2023-01-29,AAPL,172.31,174.03,170.59,172.31,21438643,-1.35
2023-01-30,AAPL,174.81,176.56,173.06,174.81,18129077,1.45
2023-01-31,AAPL,179.3,181.09,177.51,179.3,19673779,2.57
2023-02-01,AAPL,181.77,183.59,179.95,181.77,23310308,1.38
2023-02-02,AAPL,183.51,185.35,181.67,183.51,25441901,0.96
2023-02-03,AAPL,192.57,194.5,190.64,192.57,20053982,4.94
2023-02-04,AAPL,196.45,198.41,194.49,196.45,27105585,2.01
2023-02-05,AAPL,194.22,196.16,192.28,194.22,11637930,-1.14
2023-02-06,AAPL,198.16,200.14,196.18,198.16,18841365,2.03
2023-02-07,AAPL,193.59,195.53,191.65,193.59,17862269,-2.31
2023-02-08,AAPL,187.74,189.62,185.86,187.74,25096265,-3.02
2023-02-09,AAPL,193.39,195.32,191.46,193.39,19310611,3.01
2023-02-10,AAPL,193.02,194.95,191.09,193.02,20586460,-0.19
2023-02-11,AAPL,199.67,201.67,197.67,199.67,16819010,3.44
2023-02-12,AAPL,199.21,201.2,197.22,199.21,23743496,-0.23
2023-02-13,AAPL,198.08,200.06,196.1,198.08,17493754,-0.57
2023-02-14,AAPL,198.94,200.93,196.95,198.94,14651139,0.43
2023-02-15,AAPL,200.62,202.63,198.61,200.62,19243209,0.84
2023-02-16,AAPL,203.37,205.4,201.34,203.37,17916605,1.37
2023-02-17,AAPL,205.41,207.46,203.36,205.41,20632334,1.01
2023-02-18,AAPL,200.76,202.77,198.75,200.76,17166969,-2.26
2023-02-19,AAPL,205.9,207.96,203.84,205.9,22873318,2.56
2023-02-20,AAPL,198.98,200.97,196.99,198.98,18693749,-3.36
2023-02-21,AAPL,200.44,202.44,198.44,200.44,21598684,0.73
2023-02-22,AAPL,201.74,203.76,199.72,201.74,21137201,0.65
2023-02-23,AAPL,200.49,202.49,198.49,200.49,20522090,-0.62
2023-02-24,AAPL,196.76,198.73,194.79,196.76,18898794,-1.86
2023-02-25,AAPL,188.75,190.64,186.86,188.75,16829024,-4.07
2023-02-26,AAPL,185.62,187.48,183.76,185.62,17509283,-1.66
2023-02-27,AAPL,188.51,190.4,186.62,188.51,15282675,1.56
2023-02-28,AAPL,186.29,188.15,184.43,186.29,21932722,-1.18
2023-03-01,AAPL,181.54,183.36,179.72,181.54,23806455,-2.55
2023-03-02,AAPL,182.37,184.19,180.55,182.37,22067517,0.46
2023-03-03,AAPL,179.11,180.9,177.32,179.11,17720132,-1.79
2023-03-04,AAPL,178.78,180.57,176.99,178.78,22435242,-0.19
2023-03-05,AAPL,181.75,183.57,179.93,181.75,21191688,1.66
2023-03-06,AAPL,181.14,182.95,179.33,181.14,17691624,-0.34
2023-03-07,AAPL,185.13,186.98,183.28,185.13,18938525,2.2
2023-03-08,AAPL,179.61,181.41,177.81,179.61,17117353,-2.98
2023-03-09,AAPL,177.26,179.03,175.49,177.26,18972630,-1.31
2023-03-10,AAPL,177.18,178.95,175.41,177.18,15895521,-0.05
2023-03-11,AAPL,175.64,177.4,173.88,175.64,18927617,-0.87
2023-03-12,AAPL,175.11,176.86,173.36,175.11,17665524,-0.3
2023-03-13,AAPL,183.94,185.78,182.1,183.94,18931802,5.04
2023-03-14,AAPL,181.93,183.75,180.11,181.93,16706003,-1.09
2023-03-15,AAPL,184.89,186.74,183.04,184.89,14434955,1.63
2023-03-16,AAPL,178.5,180.28,176.72,178.5,19899379,-3.46
2023-03-17,AAPL,180.34,182.14,178.54,180.34,19733362,1.03
2023-03-18,AAPL,187.84,189.72,185.96,187.84,18440709,4.16
2023-03-19,AAPL,186.89,188.76,185.02,186.89,19878664,-0.51
2023-03-20,AAPL,187.23,189.1,185.36,187.23,19629968,0.18
2023-03-21,AAPL,186.77,188.64,184.9,186.77,16081525,-0.25
2023-03-22,AAPL,189.53,191.43,187.63,189.53,22937445,1.48
2023-03-23,AAPL,187.93,189.81,186.05,187.93,19867475,-0.84
2023-03-24,AAPL,193.96,195.9,192.02,193.96,17740215,3.21
2023-03-25,AAPL,194.95,196.9,193.0,194.95,20297893,0.51
2023-03-26,AAPL,201.4,203.41,199.39,201.4,25572756,3.31
2023-03-27,AAPL,204.81,206.86,202.76,204.81,30627620,1.69
2023-03-28,AAPL,205.13,207.18,203.08,205.13,6603650,0.16
2023-03-29,AAPL,203.24,205.27,201.21,203.24,18646938,-0.92
2023-03-30,AAPL,209.74,211.84,207.64,209.74,19439923,3.2
2023-03-31,AAPL,215.51,217.67,213.35,215.51,22413336,2.75
2023-04-01,AAPL,216.99,219.16,214.82,216.99,21210023,0.69
2023-04-02,AAPL,218.44,220.62,216.26,218.44,23413077,0.67
2023-04-03,AAPL,217.57,219.75,215.39,217.57,18854349,-0.4
2023-04-04,AAPL,219.57,221.77,217.37,219.57,20585143,0.92
2023-04-05,AAPL,218.87,221.06,216.68,218.87,26556050,-0.32
2023-04-06,AAPL,222.22,224.44,220.0,222.22,18323646,1.53
2023-04-07,AAPL,225.11,227.36,222.86,225.11,17175611,1.3
2023-04-08,AAPL,220.18,222.38,217.98,220.18,22404732,-2.19
2023-04-09,AAPL,216.62,218.79,214.45,216.62,20123751,-1.62
2023-04-10,AAPL,212.33,214.45,210.21,212.33,19130451,-1.98
2023-04-11,AAPL,210.71,212.82,208.6,210.71,19716234,-0.76
2023-04-12,AAPL,220.64,222.85,218.43,220.64,23846208,4.71
2023-04-13,AAPL,220.36,222.56,218.16,220.36,19380869,-0.13
2023-04-14,AAPL,217.47,219.64,215.3,217.47,16887544,-1.31
2023-04-15,AAPL,217.04,219.21,214.87,217.04,23998343,-0.2
2023-04-16,AAPL,203.55,205.59,201.51,203.55,23064628,-6.22
2023-04-17,AAPL,208.43,210.51,206.35,208.43,13599565,2.4
2023-04-18,AAPL,208.79,210.88,206.7,208.79,18690984,0.17
2023-04-19,AAPL,208.3,210.38,206.22,208.3,20643051,-0.23
2023-04-20,AAPL,209.83,211.93,207.73,209.83,15887864,0.74
2023-04-21,AAPL,216.87,219.04,214.7,216.87,18573295,3.35
2023-04-22,AAPL,228.5,230.78,226.22,228.5,17173106,5.36
2023-04-23,AAPL,223.9,226.14,221.66,223.9,20971148,-2.02
2023-04-24,AAPL,228.15,230.43,225.87,228.15,23820951,1.9
2023-04-25,AAPL,223.87,226.11,221.63,223.87,18998983,-1.88
2023-04-26,AAPL,232.45,234.77,230.13,232.45,18893337,3.83
2023-04-27,AAPL,236.82,239.19,234.45,236.82,14317797,1.88
2023-04-28,AAPL,229.42,231.71,227.13,229.42,22898381,-3.13
2023-04-29,AAPL,228.97,231.26,226.68,228.97,22268194,-0.2
2023-04-30,AAPL,226.32,228.58,224.06,226.32,15031288,-1.16
2023-05-01,AAPL,226.97,229.24,224.7,226.97,15809319,0.29
2023-05-02,AAPL,227.77,230.05,225.49,227.77,17102939,0.35
2023-05-03,AAPL,230.97,233.28,228.66,230.97,19189706,1.4
2023-05-04,AAPL,229.81,232.11,227.51,229.81,21025191,-0.5
2023-05-05,AAPL,234.31,236.65,231.97,234.31,20547402,1.96
2023-05-06,AAPL,242.9,245.33,240.47,242.9,25223253,3.66
2023-05-07,AAPL,239.73,242.13,237.33,239.73,16648004,-1.3
2023-05-08,AAPL,234.11,236.45,231.77,234.11,25407560,-2.34
2023-05-09,AAPL,228.64,230.93,226.35,228.64,18834412,-2.34
2023-05-10,AAPL,228.92,231.21,226.63,228.92,25312784,0.12
2023-05-11,AAPL,223.15,225.38,220.92,223.15,23261121,-2.52
2023-05-12,AAPL,223.44,225.67,221.21,223.44,19616853,0.13
2023-05-13,AAPL,223.54,225.78,221.3,223.54,17888414,0.05
2023-05-14,AAPL,221.91,224.13,219.69,221.91,17827719,-0.73
2023-05-15,AAPL,216.31,218.47,214.15,216.31,16468380,-2.52
2023-05-16,AAPL,221.64,223.86,219.42,221.64,18949358,2.47
2023-05-17,AAPL,224.84,227.09,222.59,224.84,19467229,1.44
2023-05-18,AAPL,224.19,226.43,221.95,224.19,19772136,-0.29
2023-05-19,AAPL,227.69,229.97,225.41,227.69,17941593,1.56
2023-05-20,AAPL,227.22,229.49,224.95,227.22,22712579,-0.21
2023-05-21,AAPL,232.37,234.69,230.05,232.37,24455764,2.27
2023-05-22,AAPL,228.13,230.41,225.85,228.13,18080941,-1.82
2023-05-23,AAPL,227.45,229.72,225.18,227.45,16054598,-0.3
2023-05-24,AAPL,231.65,233.97,229.33,231.65,20865406,1.84
2023-05-25,AAPL,231.16,233.47,228.85,231.16,23089104,-0.21
2023-05-26,AAPL,227.9,230.18,225.62,227.9,23386090,-1.41
2023-05-27,AAPL,236.07,238.43,233.71,236.07,20923416,3.58
2023-05-28,AAPL,236.27,238.63,233.91,236.27,20505059,0.09
2023-05-29,AAPL,229.94,232.24,227.64,229.94,19410597,-2.68
2023-05-30,AAPL,239.63,242.03,237.23,239.63,26374643,4.22
2023-05-31,AAPL,240.31,242.71,237.91,240.31,18365969,0.28
2023-06-01,AAPL,245.5,247.96,243.04,245.5,19892630,2.16
2023-06-02,AAPL,250.39,252.89,247.89,250.39,17770910,1.99
2023-06-03,AAPL,252.17,254.69,249.65,252.17,18916430,0.71
2023-06-04,AAPL,252.39,254.91,249.87,252.39,18287661,0.09
2023-06-05,AAPL,251.94,254.46,249.42,251.94,20908614,-0.18
2023-06-06,AAPL,255.7,258.26,253.14,255.7,19518257,1.49
2023-06-07,AAPL,263.37,266.0,260.74,263.37,16139523,3.0
2023-06-08,AAPL,255.75,258.31,253.19,255.75,18219302,-2.89
2023-06-09,AAPL,256.06,258.62,253.5,256.06,24871308,0.12
2023-06-10,AAPL,255.36,257.91,252.81,255.36,17161569,-0.27
2023-06-11,AAPL,252.34,254.86,249.82,252.34,20242899,-1.18
2023-06-12,AAPL,247.16,249.63,244.69,247.16,25789778,-2.05
2023-06-13,AAPL,235.83,238.19,233.47,235.83,17710787,-4.58
2023-06-14,AAPL,233.42,235.75,231.09,233.42,17075210,-1.02
2023-06-15,AAPL,236.8,239.17,234.43,236.8,18030736,1.45
2023-06-16,AAPL,239.98,242.38,237.58,239.98,24738967,1.34
2023-06-17,AAPL,246.16,248.62,243.7,246.16,20479015,2.57
2023-06-18,AAPL,246.42,248.88,243.96,246.42,22651959,0.1
2023-06-19,AAPL,245.26,247.71,242.81,245.26,18537451,-0.47
2023-06-20,AAPL,240.65,243.06,238.24,240.65,20925653,-1.88
2023-06-21,AAPL,235.81,238.17,233.45,235.81,17877229,-2.01
2023-06-22,AAPL,245.97,248.43,243.51,245.97,22021669,4.31
2023-06-23,AAPL,248.2,250.68,245.72,248.2,17838445,0.91
2023-06-24,AAPL,252.28,254.8,249.76,252.28,16949770,1.64
2023-06-25,AAPL,244.84,247.29,242.39,244.84,18342182,-2.95
2023-06-26,AAPL,239.31,241.7,236.92,239.31,21395264,-2.26
2023-06-27,AAPL,241.3,243.71,238.89,241.3,20684370,0.83
2023-06-28,AAPL,244.36,246.8,241.92,244.36,21620298,1.27
2023-06-29,AAPL,241.3,243.71,238.89,241.3,21439836,-1.25
2023-06-30,AAPL,243.06,245.49,240.63,243.06,18151894,0.73
2023-07-01,AAPL,241.56,243.98,239.14,241.56,22557026,-0.62
2023-07-02,AAPL,235.45,237.8,233.1,235.45,21000443,-2.53
2023-07-03,AAPL,235.18,237.53,232.83,235.18,19915640,-0.12
2023-07-04,AAPL,234.08,236.42,231.74,234.08,21263438,-0.47
2023-07-05,AAPL,226.93,229.2,224.66,226.93,20756368,-3.05
2023-07-06,AAPL,222.4,224.62,220.18,222.4,23094857,-2.0
2023-07-07,AAPL,216.87,219.04,214.7,216.87,12812365,-2.49
2023-07-08,AAPL,209.72,211.82,207.62,209.72,19830276,-3.3
2023-07-09,AAPL,203.42,205.45,201.39,203.42,16080550,-3.01
2023-07-10,AAPL,200.78,202.79,198.77,200.78,21586680,-1.3
2023-07-11,AAPL,197.9,199.88,195.92,197.9,19370262,-1.43
2023-07-12,AAPL,197.2,199.17,195.23,197.2,15663696,-0.35
2023-07-13,AAPL,199.0,200.99,197.01,199.0,26754567,0.91
2023-07-14,AAPL,192.32,194.24,190.4,192.32,17352187,-3.36
2023-07-15,AAPL,187.62,189.5,185.74,187.62,19405514,-2.45
2023-07-16,AAPL,182.36,184.18,180.54,182.36,23758952,-2.8
2023-07-17,AAPL,187.7,189.58,185.82,187.7,22076656,2.93
2023-07-18,AAPL,191.4,193.31,189.49,191.4,20346038,1.97
2023-07-19,AAPL,195.72,197.68,193.76,195.72,19089678,2.26
2023-01-01,GOOGL,148.54,150.03,147.05,148.54,21992024,-0.97
2023-01-02,GOOGL,147.54,149.02,146.06,147.54,26414508,-0.67
2023-01-03,GOOGL,150.8,152.31,149.29,150.8,18327498,2.21
2023-01-04,GOOGL,150.44,151.94,148.94,150.44,19577856,-0.24
2023-01-05,GOOGL,148.33,149.81,146.85,148.33,22665445,-1.4
2023-01-06,GOOGL,145.89,147.35,144.43,145.89,19719745,-1.65
2023-01-07,GOOGL,143.79,145.23,142.35,143.79,18358773,-1.44
2023-01-08,GOOGL,146.14,147.6,144.68,146.14,22034318,1.64
2023-01-09,GOOGL,145.26,146.71,143.81,145.26,23411518,-0.6
2023-01-10,GOOGL,147.07,148.54,145.6,147.07,20351642,1.25
2023-01-11,GOOGL,149.89,151.39,148.39,149.89,24256804,1.92
2023-01-12,GOOGL,151.36,152.87,149.85,151.36,20819141,0.98
2023-01-13,GOOGL,145.7,147.16,144.24,145.7,20786980,-3.74
2023-01-14,GOOGL,147.2,148.67,145.73,147.2,20943275,1.03
2023-01-15,GOOGL,144.69,146.14,143.24,144.69,17939807,-1.7
2023-01-16,GOOGL,146.93,148.4,145.46,146.93,18835846,1.54
2023-01-17,GOOGL,147.6,149.08,146.12,147.6,13692450,0.46
2023-01-18,GOOGL,147.7,149.18,146.22,147.7,22418890,0.07
2023-01-19,GOOGL,148.74,150.23,147.25,148.74,19582194,0.7
2023-01-20,GOOGL,145.77,147.23,144.31,145.77,14622222,-2.0
2023-01-21,GOOGL,143.64,145.08,142.2,143.64,23120189,-1.46
2023-01-22,GOOGL,143.63,145.07,142.19,143.63,22072049,-0.01
2023-01-23,GOOGL,147.89,149.37,146.41,147.89,20372854,2.97
2023-01-24,GOOGL,150.54,152.05,149.03,150.54,23405669,1.79
2023-01-25,GOOGL,146.48,147.94,145.02,146.48,17714578,-2.7
2023-01-26,GOOGL,141.69,143.11,140.27,141.69,14541257,-3.27
2023-01-27,GOOGL,140.42,141.82,139.02,140.42,19233466,-0.9
2023-01-28,GOOGL,135.3,136.65,133.95,135.3,21363701,-3.64
2023-01-29,GOOGL,134.12,135.46,132.78,134.12,24305205,-0.87
2023-01-30,GOOGL,134.75,136.1,133.4,134.75,20529309,0.47
2023-01-31,GOOGL,134.33,135.67,132.99,134.33,19642262,-0.31
2023-02-01,GOOGL,135.46,136.81,134.11,135.46,22717487,0.84
2023-02-02,GOOGL,131.98,133.3,130.66,131.98,17488223,-2.57
2023-02-03,GOOGL,132.89,134.22,131.56,132.89,19883396,0.69
2023-02-04,GOOGL,135.13,136.48,133.78,135.13,17982547,1.68
2023-02-05,GOOGL,138.68,140.07,137.29,138.68,18448538,2.63
2023-02-06,GOOGL,137.94,139.32,136.56,137.94,23284541,-0.53
2023-02-07,GOOGL,139.65,141.05,138.25,139.65,25946359,1.24
2023-02-08,GOOGL,142.44,143.86,141.02,142.44,23869922,2.0
2023-02-09,GOOGL,141.74,143.16,140.32,141.74,23910280,-0.49
2023-02-10,GOOGL,142.08,143.5,140.66,142.08,13340464,0.24
2023-02-11,GOOGL,143.57,145.01,142.13,143.57,21680611,1.05
2023-02-12,GOOGL,140.58,141.99,139.17,140.58,21078883,-2.08
2023-02-13,GOOGL,141.05,142.46,139.64,141.05,23638684,0.33
2023-02-14,GOOGL,142.43,143.85,141.01,142.43,20001372,0.98
2023-02-15,GOOGL,138.78,140.17,137.39,138.78,14100790,-2.56
2023-02-16,GOOGL,142.43,143.85,141.01,142.43,21182365,2.63
2023-02-17,GOOGL,141.89,143.31,140.47,141.89,21663713,-0.38
2023-02-18,GOOGL,141.36,142.77,139.95,141.36,13996732,-0.37
2023-02-19,GOOGL,144.37,145.81,142.93,144.37,23422303,2.13
2023-02-20,GOOGL,143.57,145.01,142.13,143.57,19875218,-0.56
2023-02-21,GOOGL,141.95,143.37,140.53,141.95,25533750,-1.13
2023-02-22,GOOGL,145.51,146.97,144.05,145.51,17563435,2.51
2023-02-23,GOOGL,147.42,148.89,145.95,147.42,17368772,1.31
2023-02-24,GOOGL,145.17,146.62,143.72,145.17,18671372,-1.53
2023-02-25,GOOGL,143.55,144.99,142.11,143.55,15322645,-1.12
2023-02-26,GOOGL,147.5,148.97,146.03,147.5,20633683,2.75
2023-02-27,GOOGL,152.23,153.75,150.71,152.23,19501267,3.21
2023-02-28,GOOGL,147.91,149.39,146.43,147.91,23076201,-2.84
2023-03-01,GOOGL,148.83,150.32,147.34,148.83,19203601,0.62
2023-03-02,GOOGL,152.57,154.1,151.04,152.57,15970478,2.51
2023-03-03,GOOGL,155.72,157.28,154.16,155.72,22154121,2.06
2023-03-04,GOOGL,156.6,158.17,155.03,156.6,15566070,0.56
2023-03-05,GOOGL,159.69,161.29,158.09,159.69,22232531,1.98
2023-03-06,GOOGL,160.7,162.31,159.09,160.7,19836259,0.63
2023-03-07,GOOGL,157.23,158.8,155.66,157.23,16639919,-2.16
2023-03-08,GOOGL,154.95,156.5,153.4,154.95,15274057,-1.45
2023-03-09,GOOGL,150.33,151.83,148.83,150.33,18668680,-2.98
2023-03-10,GOOGL,146.47,147.93,145.01,146.47,19302660,-2.57
2023-03-11,GOOGL,146.81,148.28,145.34,146.81,15653440,0.23
2023-03-12,GOOGL,149.39,150.88,147.9,149.39,23032644,1.76
2023-03-13,GOOGL,143.01,144.44,141.58,143.01,24057554,-4.27
2023-03-14,GOOGL,144.75,146.2,143.3,144.75,20281322,1.22
2023-03-15,GOOGL,149.13,150.62,147.64,149.13,20318814,3.02
2023-03-16,GOOGL,146.95,148.42,145.48,146.95,15522345,-1.46
2023-03-17,GOOGL,146.75,148.22,145.28,146.75,19636823,-0.14
2023-03-18,GOOGL,141.9,143.32,140.48,141.9,18926652,-3.31
2023-03-19,GOOGL,146.4,147.86,144.94,146.4,21513318,3.17
2023-03-20,GOOGL,142.6,144.03,141.17,142.6,20913309,-2.6
2023-03-21,GOOGL,144.74,146.19,143.29,144.74,23090810,1.5
2023-03-22,GOOGL,146.58,148.05,145.11,146.58,23484883,1.27
2023-03-23,GOOGL,148.94,150.43,147.45,148.94,19268115,1.61
2023-03-24,GOOGL,150.07,151.57,148.57,150.07,19313298,0.76
2023-03-25,GOOGL,151.43,152.94,149.92,151.43,22205367,0.91
2023-03-26,GOOGL,151.35,152.86,149.84,151.35,20910665,-0.05
2023-03-27,GOOGL,150.04,151.54,148.54,150.04,19084036,-0.87
2023-03-28,GOOGL,149.98,151.48,148.48,149.98,18318961,-0.04
2023-03-29,GOOGL,154.11,155.65,152.57,154.11,21789577,2.75
2023-03-30,GOOGL,156.55,158.12,154.98,156.55,21679870,1.58
2023-03-31,GOOGL,157.24,158.81,155.67,157.24,16348033,0.44
2023-04-01,GOOGL,160.93,162.54,159.32,160.93,26243758,2.34
2023-04-02,GOOGL,163.22,164.85,161.59,163.22,17639290,1.42
2023-04-03,GOOGL,165.32,166.97,163.67,165.32,17600990,1.29
2023-04-04,GOOGL,163.91,165.55,162.27,163.91,12740340,-0.85
2023-04-05,GOOGL,168.56,170.25,166.87,168.56,20950705,2.84
2023-04-06,GOOGL,170.66,172.37,168.95,170.66,22368379,1.25
2023-04-07,GOOGL,172.46,174.18,170.74,172.46,22930593,1.05
2023-04-08,GOOGL,177.34,179.11,175.57,177.34,19892720,2.83
2023-04-09,GOOGL,171.63,173.35,169.91,171.63,17469337,-3.22
2023-04-10,GOOGL,173.93,175.67,172.19,173.93,16918398,1.34
2023-04-11,GOOGL,173.89,175.63,172.15,173.89,27502524,-0.03
2023-04-12,GOOGL,177.7,179.48,175.92,177.7,13965381,2.19
2023-04-13,GOOGL,186.16,188.02,184.3,186.16,24101361,4.76
2023-04-14,GOOGL,188.82,190.71,186.93,188.82,20403527,1.43
2023-04-15,GOOGL,183.8,185.64,181.96,183.8,18880578,-2.66
2023-04-16,GOOGL,176.69,178.46,174.92,176.69,22854524,-3.87
2023-04-17,GOOGL,177.52,179.3,175.74,177.52,17769642,0.47
2023-04-18,GOOGL,181.28,183.09,179.47,181.28,20997547,2.12
2023-04-19,GOOGL,187.4,189.27,185.53,187.4,18668463,3.38
2023-04-20,GOOGL,192.81,194.74,190.88,192.81,20674617,2.89
2023-04-21,GOOGL,190.02,191.92,188.12,190.02,21781373,-1.45
2023-04-22,GOOGL,190.49,192.39,188.59,190.49,21367437,0.25
2023-04-23,GOOGL,186.92,188.79,185.05,186.92,13068590,-1.87
2023-04-24,GOOGL,185.26,187.11,183.41,185.26,21715438,-0.89
2023-04-25,GOOGL,187.45,189.32,185.58,187.45,18638283,1.18
2023-04-26,GOOGL,188.51,190.4,186.62,188.51,18823482,0.57
2023-04-27,GOOGL,188.19,190.07,186.31,188.19,23786362,-0.17
2023-04-28,GOOGL,183.36,185.19,181.53,183.36,25660137,-2.57
2023-04-29,GOOGL,184.18,186.02,182.34,184.18,26056206,0.45
2023-04-30,GOOGL,191.22,193.13,189.31,191.22,13178314,3.82
2023-05-01,GOOGL,192.11,194.03,190.19,192.11,17056085,0.47
2023-05-02,GOOGL,191.78,193.7,189.86,191.78,21372225,-0.17
2023-05-03,GOOGL,197.56,199.54,195.58,197.56,16745134,3.01
2023-05-04,GOOGL,207.75,209.83,205.67,207.75,18257110,5.16
2023-05-05,GOOGL,202.38,204.4,200.36,202.38,23284906,-2.59
2023-05-06,GOOGL,203.1,205.13,201.07,203.1,26633789,0.36
2023-05-07,GOOGL,199.31,201.3,197.32,199.31,20552877,-1.87
2023-05-08,GOOGL,204.57,206.62,202.52,204.57,17463002,2.64
2023-05-09,GOOGL,210.02,212.12,207.92,210.02,21193194,2.66
2023-05-10,GOOGL,206.01,208.07,203.95,206.01,23789744,-1.91
2023-05-11,GOOGL,205.41,207.46,203.36,205.41,23565426,-0.29
2023-05-12,GOOGL,202.73,204.76,200.7,202.73,15643642,-1.31
2023-05-13,GOOGL,201.15,203.16,199.14,201.15,19633370,-0.78
2023-05-14,GOOGL,202.14,204.16,200.12,202.14,21601509,0.49
2023-05-15,GOOGL,210.26,212.36,208.16,210.26,19689705,4.02
2023-05-16,GOOGL,217.96,220.14,215.78,217.96,23074601,3.66
2023-05-17,GOOGL,217.82,220.0,215.64,217.82,20919955,-0.06
2023-05-18,GOOGL,219.76,221.96,217.56,219.76,23077075,0.89
2023-05-19,GOOGL,225.16,227.41,222.91,225.16,15799578,2.46
2023-05-20,GOOGL,229.79,232.09,227.49,229.79,21223379,2.06
2023-05-21,GOOGL,231.82,234.14,229.5,231.82,19601216,0.89
2023-05-22,GOOGL,235.31,237.66,232.96,235.31,22665220,1.51
2023-05-23,GOOGL,236.07,238.43,233.71,236.07,23065237,0.32
2023-05-24,GOOGL,233.33,235.66,231.0,233.33,20035395,-1.16
2023-05-25,GOOGL,235.25,237.6,232.9,235.25,19071611,0.82
2023-05-26,GOOGL,233.93,236.27,231.59,233.93,17210458,-0.56
2023-05-27,GOOGL,236.18,238.54,233.82,236.18,25834666,0.96
2023-05-28,GOOGL,239.26,241.65,236.87,239.26,19496739,1.3
2023-05-29,GOOGL,245.8,248.26,243.34,245.8,19897515,2.73
2023-05-30,GOOGL,249.73,252.23,247.23,249.73,21680444,1.6
2023-05-31,GOOGL,242.52,244.95,240.09,242.52,20300768,-2.89
2023-06-01,GOOGL,253.16,255.69,250.63,253.16,18374118,4.39
2023-06-02,GOOGL,261.48,264.09,258.87,261.48,23037620,3.29
2023-06-03,GOOGL,259.39,261.98,256.8,259.39,20316203,-0.8
2023-06-04,GOOGL,254.68,257.23,252.13,254.68,22851245,-1.82
2023-06-05,GOOGL,250.12,252.62,247.62,250.12,21508844,-1.79
2023-06-06,GOOGL,260.02,262.62,257.42,260.02,18359578,3.96
2023-06-07,GOOGL,262.6,265.23,259.97,262.6,15814501,0.99
2023-06-08,GOOGL,263.61,266.25,260.97,263.61,17261173,0.38
2023-06-09,GOOGL,265.69,268.35,263.03,265.69,18693362,0.79
2023-06-10,GOOGL,261.22,263.83,258.61,261.22,19887581,-1.68
2023-06-11,GOOGL,248.15,250.63,245.67,248.15,17135669,-5.0
2023-06-12,GOOGL,260.66,263.27,258.05,260.66,19610916,5.04
2023-06-13,GOOGL,258.96,261.55,256.37,258.96,21417777,-0.65
2023-06-14,GOOGL,265.22,267.87,262.57,265.22,25250197,2.42
2023-06-15,GOOGL,265.76,268.42,263.1,265.76,19731117,0.2
2023-06-16,GOOGL,268.69,271.38,266.0,268.69,20529107,1.1
2023-06-17,GOOGL,268.7,271.39,266.01,268.7,22160834,0.0
2023-06-18,GOOGL,272.76,275.49,270.03,272.76,20532158,1.51
2023-06-19,GOOGL,286.83,289.7,283.96,286.83,26072579,5.16
2023-06-20,GOOGL,290.98,293.89,288.07,290.98,23828051,1.45
2023-06-21,GOOGL,288.03,290.91,285.15,288.03,20443358,-1.01
2023-06-22,GOOGL,293.21,296.14,290.28,293.21,24538280,1.8
2023-06-23,GOOGL,288.13,291.01,285.25,288.13,18380895,-1.73
2023-06-24,GOOGL,289.55,292.45,286.65,289.55,24930368,0.49
2023-06-25,GOOGL,290.97,293.88,288.06,290.97,23811954,0.49
2023-06-26,GOOGL,291.02,293.93,288.11,291.02,22545218,0.02
2023-06-27,GOOGL,285.66,288.52,282.8,285.66,18092141,-1.84
2023-06-28,GOOGL,285.18,288.03,282.33,285.18,16760288,-0.17
2023-06-29,GOOGL,278.98,281.77,276.19,278.98,18996411,-2.18
2023-06-30,GOOGL,271.46,274.17,268.75,271.46,19804418,-2.69
2023-07-01,GOOGL,273.55,276.29,270.81,273.55,17635579,0.77
2023-07-02,GOOGL,272.16,274.88,269.44,272.16,19002750,-0.51
2023-07-03,GOOGL,281.08,283.89,278.27,281.08,20481330,3.28
2023-07-04,GOOGL,294.05,296.99,291.11,294.05,18762208,4.61
2023-07-05,GOOGL,291.9,294.82,288.98,291.9,23450263,-0.73
2023-07-06,GOOGL,277.47,280.24,274.7,277.47,22341525,-4.94
2023-07-07,GOOGL,277.23,280.0,274.46,277.23,20339652,-0.09
2023-07-08,GOOGL,275.65,278.41,272.89,275.65,21769794,-0.57
2023-07-09,GOOGL,265.75,268.41,263.09,265.75,17769012,-3.59
2023-07-10,GOOGL,276.43,279.19,273.67,276.43,20192066,4.02
2023-07-11,GOOGL,270.17,272.87,267.47,270.17,20185776,-2.26
2023-07-12,GOOGL,274.48,277.22,271.74,274.48,20290564,1.59
2023-07-13,GOOGL,274.14,276.88,271.4,274.14,18228920,-0.13
2023-07-14,GOOGL,267.47,270.14,264.8,267.47,14388586,-2.43
2023-07-15,GOOGL,263.29,265.92,260.66,263.29,23939909,-1.56
2023-07-16,GOOGL,261.32,263.93,258.71,261.32,19511562,-0.75
2023-07-17,GOOGL,253.62,256.16,251.08,253.62,20019332,-2.95
2023-07-18,GOOGL,251.83,254.35,249.31,251.83,19000122,-0.71
2023-07-19,GOOGL,249.09,251.58,246.6,249.09,18259139,-1.09
2023-01-01,MSFT,149.42,150.91,147.93,149.42,19905549,-0.39
2023-01-02,MSFT,142.82,144.25,141.39,142.82,14957176,-4.42
2023-01-03,MSFT,141.46,142.87,140.05,141.46,22766810,-0.95
2023-01-04,MSFT,137.59,138.97,136.21,137.59,21741592,-2.73
2023-01-05,MSFT,142.29,143.71,140.87,142.29,19200114,3.41
2023-01-06,MSFT,141.16,142.57,139.75,141.16,21613032,-0.8
2023-01-07,MSFT,141.61,143.03,140.19,141.61,18132644,0.32
2023-01-08,MSFT,142.52,143.95,141.09,142.52,17942471,0.65
2023-01-09,MSFT,146.58,148.05,145.11,146.58,19355972,2.85
2023-01-10,MSFT,147.97,149.45,146.49,147.97,24994048,0.95
2023-01-11,MSFT,147.58,149.06,146.1,147.58,17746328,-0.26
2023-01-12,MSFT,146.04,147.5,144.58,146.04,19989591,-1.04
2023-01-13,MSFT,145.77,147.23,144.31,145.77,19465113,-0.19
2023-01-14,MSFT,146.94,148.41,145.47,146.94,20365729,0.8
2023-01-15,MSFT,145.73,147.19,144.27,145.73,20032237,-0.82
2023-01-16,MSFT,143.86,145.3,142.42,143.86,18548292,-1.28
2023-01-17,MSFT,137.29,138.66,135.92,137.29,17500420,-4.57
2023-01-18,MSFT,139.67,141.07,138.27,139.67,21886553,1.73
2023-01-19,MSFT,141.85,143.27,140.43,141.85,21276400,1.56
2023-01-20,MSFT,140.62,142.03,139.21,140.62,16204630,-0.87
2023-01-21,MSFT,139.87,141.27,138.47,139.87,10712057,-0.53
2023-01-22,MSFT,143.21,144.64,141.78,143.21,20614877,2.38
2023-01-23,MSFT,145.8,147.26,144.34,145.8,18459506,1.81
2023-01-24,MSFT,141.26,142.67,139.85,141.26,20552814,-3.11
2023-01-25,MSFT,141.89,143.31,140.47,141.89,19587521,0.44
2023-01-26,MSFT,142.84,144.27,141.41,142.84,18567119,0.67
2023-01-27,MSFT,143.55,144.99,142.11,143.55,21406304,0.5
2023-01-28,MSFT,148.5,149.99,147.01,148.5,22297275,3.45
2023-01-29,MSFT,144.97,146.42,143.52,144.97,18830875,-2.38
2023-01-30,MSFT,142.63,144.06,141.2,142.63,24112873,-1.61
2023-01-31,MSFT,141.37,142.78,139.96,141.37,19208123,-0.88
2023-02-01,MSFT,141.19,142.6,139.78,141.19,21208304,-0.12
2023-02-02,MSFT,137.97,139.35,136.59,137.97,19967691,-2.28
2023-02-03,MSFT,140.7,142.11,139.29,140.7,19013889,1.98
2023-02-04,MSFT,145.99,147.45,144.53,145.99,17347169,3.76
2023-02-05,MSFT,144.66,146.11,143.21,144.66,22323173,-0.91
2023-02-06,MSFT,144.9,146.35,143.45,144.9,19313705,0.17
2023-02-07,MSFT,141.8,143.22,140.38,141.8,18250467,-2.14
2023-02-08,MSFT,147.13,148.6,145.66,147.13,20958179,3.76
2023-02-09,MSFT,148.97,150.46,147.48,148.97,18129184,1.25
2023-02-10,MSFT,149.7,151.2,148.2,149.7,19172017,0.49
2023-02-11,MSFT,146.12,147.58,144.66,146.12,17797139,-2.39
2023-02-12,MSFT,144.75,146.2,143.3,144.75,26285409,-0.94
2023-02-13,MSFT,150.31,151.81,148.81,150.31,14978699,3.84
2023-02-14,MSFT,147.98,149.46,146.5,147.98,19453802,-1.55
2023-02-15,MSFT,148.21,149.69,146.73,148.21,19605306,0.15
2023-02-16,MSFT,153.84,155.38,152.3,153.84,18583206,3.8
2023-02-17,MSFT,159.58,161.18,157.98,159.58,22885142,3.73
2023-02-18,MSFT,159.54,161.14,157.94,159.54,18066222,-0.03
2023-02-19,MSFT,157.59,159.17,156.01,157.59,25827973,-1.22
2023-02-20,MSFT,160.02,161.62,158.42,160.02,20884380,1.54
2023-02-21,MSFT,153.15,154.68,151.62,153.15,18516542,-4.29
2023-02-22,MSFT,152.17,153.69,150.65,152.17,20652979,-0.64
2023-02-23,MSFT,151.91,153.43,150.39,151.91,18848625,-0.17
2023-02-24,MSFT,153.04,154.57,151.51,153.04,22698416,0.74
2023-02-25,MSFT,151.37,152.88,149.86,151.37,17029733,-1.09
2023-02-26,MSFT,149.82,151.32,148.32,149.82,17119436,-1.03
2023-02-27,MSFT,149.17,150.66,147.68,149.17,26010753,-0.43
2023-02-28,MSFT,148.31,149.79,146.83,148.31,16698421,-0.58
2023-03-01,MSFT,147.15,148.62,145.68,147.15,24683753,-0.78
2023-03-02,MSFT,146.48,147.94,145.02,146.48,17574621,-0.46
2023-03-03,MSFT,141.56,142.98,140.14,141.56,18998560,-3.36
2023-03-04,MSFT,137.6,138.98,136.22,137.6,20648677,-2.8
2023-03-05,MSFT,136.58,137.95,135.21,136.58,13720904,-0.74
2023-03-06,MSFT,141.26,142.67,139.85,141.26,26412874,3.43
2023-03-07,MSFT,142.13,143.55,140.71,142.13,24608953,0.61
2023-03-08,MSFT,142.92,144.35,141.49,142.92,14159317,0.56
2023-03-09,MSFT,142.33,143.75,140.91,142.33,18103555,-0.41
2023-03-10,MSFT,138.21,139.59,136.83,138.21,20004999,-2.89
2023-03-11,MSFT,136.29,137.65,134.93,136.29,20563535,-1.39
2023-03-12,MSFT,138.43,139.81,137.05,138.43,25095095,1.57
2023-03-13,MSFT,138.48,139.86,137.1,138.48,16633679,0.03
2023-03-14,MSFT,137.13,138.5,135.76,137.13,18739370,-0.97
2023-03-15,MSFT,143.57,145.01,142.13,143.57,19678700,4.7
2023-03-16,MSFT,145.18,146.63,143.73,145.18,23264248,1.12
2023-03-17,MSFT,149.32,150.81,147.83,149.32,20617300,2.85
2023-03-18,MSFT,148.43,149.91,146.95,148.43,18526327,-0.6
2023-03-19,MSFT,144.77,146.22,143.32,144.77,22664071,-2.47
2023-03-20,MSFT,152.85,154.38,151.32,152.85,24055436,5.58
2023-03-21,MSFT,153.07,154.6,151.54,153.07,16144740,0.14
2023-03-22,MSFT,151.53,153.05,150.01,151.53,21207898,-1.01
2023-03-23,MSFT,150.65,152.16,149.14,150.65,19619864,-0.58
2023-03-24,MSFT,151.96,153.48,150.44,151.96,20638462,0.87
2023-03-25,MSFT,159.18,160.77,157.59,159.18,26830318,4.75
2023-03-26,MSFT,158.35,159.93,156.77,158.35,23095452,-0.52
2023-03-27,MSFT,154.1,155.64,152.56,154.1,22822489,-2.68
2023-03-28,MSFT,155.75,157.31,154.19,155.75,17294464,1.07
2023-03-29,MSFT,159.5,161.09,157.91,159.5,16924797,2.41
2023-03-30,MSFT,159.24,160.83,157.65,159.24,20437441,-0.17
2023-03-31,MSFT,154.02,155.56,152.48,154.02,20478431,-3.28
2023-04-01,MSFT,151.4,152.91,149.89,151.4,18761141,-1.7
2023-04-02,MSFT,151.26,152.77,149.75,151.26,14913279,-0.09
2023-04-03,MSFT,149.87,151.37,148.37,149.87,19475216,-0.92
2023-04-04,MSFT,148.92,150.41,147.43,148.92,17139692,-0.63
2023-04-05,MSFT,145.03,146.48,143.58,145.03,16942721,-2.61
2023-04-06,MSFT,139.55,140.95,138.15,139.55,17460205,-3.78
2023-04-07,MSFT,143.12,144.55,141.69,143.12,15365956,2.56
2023-04-08,MSFT,145.87,147.33,144.41,145.87,15972857,1.92
2023-04-09,MSFT,147.48,148.95,146.01,147.48,27890238,1.11
2023-04-10,MSFT,149.37,150.86,147.88,149.37,19423769,1.28
2023-04-11,MSFT,149.04,150.53,147.55,149.04,22663883,-0.22
2023-04-12,MSFT,150.36,151.86,148.86,150.36,20797893,0.89
2023-04-13,MSFT,149.1,150.59,147.61,149.1,20990322,-0.84
2023-04-14,MSFT,143.91,145.35,142.47,143.91,18205922,-3.48
2023-04-15,MSFT,149.2,150.69,147.71,149.2,22615956,3.68
2023-04-16,MSFT,148.96,150.45,147.47,148.96,16723625,-0.16
2023-04-17,MSFT,155.11,156.66,153.56,155.11,18131913,4.13
2023-04-18,MSFT,152.29,153.81,150.77,152.29,20521706,-1.82
2023-04-19,MSFT,150.8,152.31,149.29,150.8,13959815,-0.98
2023-04-20,MSFT,146.6,148.07,145.13,146.6,19406036,-2.78
2023-04-21,MSFT,143.44,144.87,142.01,143.44,15342653,-2.16
2023-04-22,MSFT,139.38,140.77,137.99,139.38,19442497,-2.83
2023-04-23,MSFT,139.16,140.55,137.77,139.16,22521373,-0.16
2023-04-24,MSFT,135.95,137.31,134.59,135.95,19445456,-2.3
2023-04-25,MSFT,134.26,135.6,132.92,134.26,21654069,-1.24
2023-04-26,MSFT,134.44,135.78,133.1,134.44,21029334,0.13
2023-04-27,MSFT,137.89,139.27,136.51,137.89,20594726,2.56
2023-04-28,MSFT,141.05,142.46,139.64,141.05,16070238,2.29
2023-04-29,MSFT,137.07,138.44,135.7,137.07,23972425,-2.82
2023-04-30,MSFT,137.97,139.35,136.59,137.97,21788227,0.66
2023-05-01,MSFT,141.34,142.75,139.93,141.34,17728196,2.44
2023-05-02,MSFT,139.74,141.14,138.34,139.74,22462892,-1.13
2023-05-03,MSFT,138.91,140.3,137.52,138.91,18330764,-0.59
2023-05-04,MSFT,135.52,136.88,134.16,135.52,22681324,-2.44
2023-05-05,MSFT,134.18,135.52,132.84,134.18,22641737,-0.99
2023-05-06,MSFT,135.64,137.0,134.28,135.64,24180011,1.09
2023-05-07,MSFT,131.19,132.5,129.88,131.19,11395032,-3.28
2023-05-08,MSFT,135.92,137.28,134.56,135.92,23034787,3.61
2023-05-09,MSFT,133.27,134.6,131.94,133.27,17534445,-1.95
2023-05-10,MSFT,133.53,134.87,132.19,133.53,19393696,0.19
2023-05-11,MSFT,131.89,133.21,130.57,131.89,17458531,-1.23
2023-05-12,MSFT,130.76,132.07,129.45,130.76,21480483,-0.86
2023-05-13,MSFT,130.93,132.24,129.62,130.93,18527414,0.13
2023-05-14,MSFT,129.31,130.6,128.02,129.31,26431060,-1.24
2023-05-15,MSFT,127.95,129.23,126.67,127.95,21562833,-1.05
2023-05-16,MSFT,134.38,135.72,133.04,134.38,22073231,5.03
2023-05-17,MSFT,135.79,137.15,134.43,135.79,23706040,1.05
2023-05-18,MSFT,139.7,141.1,138.3,139.7,19918482,2.88
2023-05-19,MSFT,136.13,137.49,134.77,136.13,19535331,-2.56
2023-05-20,MSFT,137.85,139.23,136.47,137.85,18966326,1.26
2023-05-21,MSFT,137.35,138.72,135.98,137.35,24855296,-0.36
2023-05-22,MSFT,139.65,141.05,138.25,139.65,21771789,1.67
2023-05-23,MSFT,136.9,138.27,135.53,136.9,19263324,-1.97
2023-05-24,MSFT,138.08,139.46,136.7,138.08,21956570,0.87
2023-05-25,MSFT,142.6,144.03,141.17,142.6,22008084,3.28
2023-05-26,MSFT,141.2,142.61,139.79,141.2,25643155,-0.98
2023-05-27,MSFT,140.56,141.97,139.15,140.56,22749112,-0.46
2023-05-28,MSFT,139.08,140.47,137.69,139.08,17668741,-1.05
2023-05-29,MSFT,135.45,136.8,134.1,135.45,16148266,-2.61
2023-05-30,MSFT,134.3,135.64,132.96,134.3,23923794,-0.85
2023-05-31,MSFT,135.14,136.49,133.79,135.14,14668852,0.63
2023-06-01,MSFT,137.52,138.9,136.14,137.52,19986697,1.76
2023-06-02,MSFT,141.83,143.25,140.41,141.83,18524672,3.13
2023-06-03,MSFT,139.4,140.79,138.01,139.4,25198892,-1.71
2023-06-04,MSFT,142.34,143.76,140.92,142.34,14870351,2.11
2023-06-05,MSFT,143.51,144.95,142.07,143.51,14877410,0.82
2023-06-06,MSFT,146.4,147.86,144.94,146.4,16660028,2.01
2023-06-07,MSFT,142.88,144.31,141.45,142.88,24162447,-2.41
2023-06-08,MSFT,144.21,145.65,142.77,144.21,22207611,0.93
2023-06-09,MSFT,142.96,144.39,141.53,142.96,19757438,-0.87
2023-06-10,MSFT,147.59,149.07,146.11,147.59,20962120,3.24
2023-06-11,MSFT,154.62,156.17,153.07,154.62,19412618,4.76
2023-06-12,MSFT,157.74,159.32,156.16,157.74,23328240,2.02
2023-06-13,MSFT,158.52,160.11,156.93,158.52,24086856,0.49
2023-06-14,MSFT,156.98,158.55,155.41,156.98,22587503,-0.97
2023-06-15,MSFT,153.87,155.41,152.33,153.87,16208457,-1.98
2023-06-16,MSFT,154.14,155.68,152.6,154.14,19613792,0.18
2023-06-17,MSFT,150.88,152.39,149.37,150.88,22295041,-2.11
2023-06-18,MSFT,155.74,157.3,154.18,155.74,19028654,3.22
2023-06-19,MSFT,159.14,160.73,157.55,159.14,18095594,2.18
2023-06-20,MSFT,158.66,160.25,157.07,158.66,19852694,-0.3
2023-06-21,MSFT,161.46,163.07,159.85,161.46,19755067,1.77
2023-06-22,MSFT,155.17,156.72,153.62,155.17,23598899,-3.9
2023-06-23,MSFT,155.68,157.24,154.12,155.68,13107437,0.33
2023-06-24,MSFT,160.26,161.86,158.66,160.26,24421912,2.94
2023-06-25,MSFT,156.96,158.53,155.39,156.96,15745977,-2.06
2023-06-26,MSFT,160.7,162.31,159.09,160.7,23433412,2.39
2023-06-27,MSFT,162.41,164.03,160.79,162.41,18663769,1.06
2023-06-28,MSFT,160.0,161.6,158.4,160.0,21800120,-1.48
2023-06-29,MSFT,158.11,159.69,156.53,158.11,18094650,-1.18
2023-06-30,MSFT,160.75,162.36,159.14,160.75,22947407,1.67
2023-07-01,MSFT,165.74,167.4,164.08,165.74,14541640,3.1
2023-07-02,MSFT,164.25,165.89,162.61,164.25,18974777,-0.9
2023-07-03,MSFT,164.35,165.99,162.71,164.35,16184393,0.06
2023-07-04,MSFT,166.38,168.04,164.72,166.38,25667991,1.23
2023-07-05,MSFT,162.58,164.21,160.95,162.58,20565527,-2.28
2023-07-06,MSFT,166.82,168.49,165.15,166.82,19287013,2.61
2023-07-07,MSFT,164.54,166.19,162.89,164.54,20534668,-1.37
2023-07-08,MSFT,167.12,168.79,165.45,167.12,16209614,1.57
2023-07-09,MSFT,170.75,172.46,169.04,170.75,19362504,2.17
2023-07-10,MSFT,168.64,170.33,166.95,168.64,15400112,-1.23
2023-07-11,MSFT,166.61,168.28,164.94,166.61,18179323,-1.21
2023-07-12,MSFT,162.79,164.42,161.16,162.79,21420946,-2.29
2023-07-13,MSFT,163.43,165.06,161.8,163.43,22942322,0.39
2023-07-14,MSFT,165.93,167.59,164.27,165.93,18079467,1.53
2023-07-15,MSFT,165.05,166.7,163.4,165.05,17763697,-0.53
2023-07-16,MSFT,159.94,161.54,158.34,159.94,21150968,-3.09
2023-07-17,MSFT,160.63,162.24,159.02,160.63,18175216,0.43
2023-07-18,MSFT,163.38,165.01,161.75,163.38,18981012,1.71
2023-07-19,MSFT,167.57,169.25,165.89,167.57,19536298,2.57
2023-01-01,AMZN,146.27,147.73,144.81,146.27,24567599,-2.49
2023-01-02,AMZN,147.49,148.96,146.02,147.49,17159976,0.83
2023-01-03,AMZN,146.45,147.91,144.99,146.45,17511394,-0.7
2023-01-04,AMZN,149.5,151.0,148.0,149.5,13753454,2.08
2023-01-05,AMZN,150.48,151.98,148.98,150.48,14846086,0.66
2023-01-06,AMZN,144.96,146.41,143.51,144.96,21231649,-3.67
2023-01-07,AMZN,141.6,143.02,140.18,141.6,22091793,-2.32
2023-01-08,AMZN,144.47,145.91,143.03,144.47,18658765,2.03
2023-01-09,AMZN,146.03,147.49,144.57,146.03,24420777,1.08
2023-01-10,AMZN,143.38,144.81,141.95,143.38,22584931,-1.82
2023-01-11,AMZN,141.29,142.7,139.88,141.29,20010247,-1.46
2023-01-12,AMZN,139.67,141.07,138.27,139.67,18243222,-1.15
2023-01-13,AMZN,138.81,140.2,137.42,138.81,18202532,-0.62
2023-01-14,AMZN,138.58,139.97,137.19,138.58,23505877,-0.16
2023-01-15,AMZN,134.9,136.25,133.55,134.9,21285718,-2.65
2023-01-16,AMZN,132.13,133.45,130.81,132.13,16948130,-2.06
2023-01-17,AMZN,127.36,128.63,126.09,127.36,23229458,-3.61
2023-01-18,AMZN,126.87,128.14,125.6,126.87,17302937,-0.38
2023-01-19,AMZN,127.33,128.6,126.06,127.33,18953065,0.36
2023-01-20,AMZN,130.26,131.56,128.96,130.26,16946502,2.3
2023-01-21,AMZN,130.02,131.32,128.72,130.02,22551313,-0.18
2023-01-22,AMZN,127.38,128.65,126.11,127.38,18616188,-2.03
2023-01-23,AMZN,124.25,125.49,123.01,124.25,17394926,-2.46
2023-01-24,AMZN,120.51,121.72,119.3,120.51,16818087,-3.01
2023-01-25,AMZN,117.47,118.64,116.3,117.47,17996376,-2.52
2023-01-26,AMZN,119.87,121.07,118.67,119.87,20839901,2.04
2023-01-27,AMZN,123.1,124.33,121.87,123.1,18838101,2.69
2023-01-28,AMZN,121.01,122.22,119.8,121.01,19618255,-1.69
2023-01-29,AMZN,119.66,120.86,118.46,119.66,21232021,-1.12
2023-01-30,AMZN,116.18,117.34,115.02,116.18,19782960,-2.91
2023-01-31,AMZN,119.79,120.99,118.59,119.79,17236511,3.11
2023-02-01,AMZN,118.85,120.04,117.66,118.85,14818432,-0.78
2023-02-02,AMZN,121.61,122.83,120.39,121.61,19705347,2.32
2023-02-03,AMZN,120.47,121.67,119.27,120.47,20142267,-0.94
2023-02-04,AMZN,120.42,121.62,119.22,120.42,17897602,-0.04
2023-02-05,AMZN,117.16,118.33,115.99,117.16,20461732,-2.71
2023-02-06,AMZN,117.31,118.48,116.14,117.31,18836797,0.13
2023-02-07,AMZN,116.71,117.88,115.54,116.71,23241872,-0.51
2023-02-08,AMZN,117.51,118.69,116.33,117.51,16022072,0.68
2023-02-09,AMZN,120.66,121.87,119.45,120.66,22042245,2.68
2023-02-10,AMZN,122.25,123.47,121.03,122.25,17620266,1.32
2023-02-11,AMZN,124.46,125.7,123.22,124.46,20541599,1.81
2023-02-12,AMZN,121.69,122.91,120.47,121.69,20863436,-2.22
2023-02-13,AMZN,124.13,125.37,122.89,124.13,21704501,2.0
2023-02-14,AMZN,119.79,120.99,118.59,119.79,21198570,-3.5
2023-02-15,AMZN,119.04,120.23,117.85,119.04,14345013,-0.63
2023-02-16,AMZN,120.7,121.91,119.49,120.7,22049057,1.4
2023-02-17,AMZN,120.75,121.96,119.54,120.75,16940718,0.04
2023-02-18,AMZN,124.24,125.48,123.0,124.24,21642924,2.89
2023-02-19,AMZN,125.87,127.13,124.61,125.87,22764522,1.31
2023-02-20,AMZN,129.05,130.34,127.76,129.05,20968610,2.52
2023-02-21,AMZN,126.24,127.5,124.98,126.24,17941945,-2.18
2023-02-22,AMZN,125.05,126.3,123.8,125.05,23647351,-0.94
2023-02-23,AMZN,125.71,126.97,124.45,125.71,17947067,0.53
2023-02-24,AMZN,125.34,126.59,124.09,125.34,23968289,-0.3
2023-02-25,AMZN,127.01,128.28,125.74,127.01,23128180,1.33
2023-02-26,AMZN,124.3,125.54,123.06,124.3,19371821,-2.13
2023-02-27,AMZN,122.83,124.06,121.6,122.83,24505567,-1.18
2023-02-28,AMZN,122.61,123.84,121.38,122.61,18278342,-0.18
2023-03-01,AMZN,117.81,118.99,116.63,117.81,24232071,-3.91
2023-03-02,AMZN,121.37,122.58,120.16,121.37,13842312,3.02
2023-03-03,AMZN,122.01,123.23,120.79,122.01,22839689,0.53
2023-03-04,AMZN,123.3,124.53,122.07,123.3,18691889,1.05
2023-03-05,AMZN,121.09,122.3,119.88,121.09,23504437,-1.79
2023-03-06,AMZN,123.08,124.31,121.85,123.08,21913683,1.64
2023-03-07,AMZN,126.09,127.35,124.83,126.09,26558550,2.44
2023-03-08,AMZN,125.39,126.64,124.14,125.39,19028401,-0.55
2023-03-09,AMZN,124.5,125.75,123.25,124.5,17231931,-0.71
2023-03-10,AMZN,127.6,128.88,126.32,127.6,24032769,2.49
2023-03-11,AMZN,130.45,131.75,129.15,130.45,25000725,2.23
2023-03-12,AMZN,130.84,132.15,129.53,130.84,21126716,0.3
2023-03-13,AMZN,132.68,134.01,131.35,132.68,18740150,1.4
2023-03-14,AMZN,129.97,131.27,128.67,129.97,20435244,-2.04
2023-03-15,AMZN,128.89,130.18,127.6,128.89,26507154,-0.83
2023-03-16,AMZN,125.18,126.43,123.93,125.18,19822992,-2.88
2023-03-17,AMZN,126.03,127.29,124.77,126.03,17510170,0.68
2023-03-18,AMZN,125.0,126.25,123.75,125.0,20181340,-0.82
2023-03-19,AMZN,122.23,123.45,121.01,122.23,21224160,-2.22
2023-03-20,AMZN,126.21,127.47,124.95,126.21,18863453,3.26
2023-03-21,AMZN,128.27,129.55,126.99,128.27,25123626,1.64
2023-03-22,AMZN,130.98,132.29,129.67,130.98,17818869,2.11
2023-03-23,AMZN,127.08,128.35,125.81,127.08,19066791,-2.98
2023-03-24,AMZN,127.36,128.63,126.09,127.36,13790974,0.22
2023-03-25,AMZN,127.56,128.84,126.28,127.56,17520494,0.16
2023-03-26,AMZN,127.38,128.65,126.11,127.38,19064930,-0.14
2023-03-27,AMZN,126.98,128.25,125.71,126.98,22254999,-0.31
2023-03-28,AMZN,124.57,125.82,123.32,124.57,14511242,-1.9
2023-03-29,AMZN,126.76,128.03,125.49,126.76,21940745,1.76
2023-03-30,AMZN,128.25,129.53,126.97,128.25,17343694,1.18
2023-03-31,AMZN,129.95,131.25,128.65,129.95,16159408,1.32
2023-04-01,AMZN,129.3,130.59,128.01,129.3,24551619,-0.5
2023-04-02,AMZN,130.97,132.28,129.66,130.97,19781183,1.3
2023-04-03,AMZN,130.72,132.03,129.41,130.72,16695021,-0.19
2023-04-04,AMZN,135.09,136.44,133.74,135.09,23032425,3.34
2023-04-05,AMZN,137.38,138.75,136.01,137.38,19721596,1.7
2023-04-06,AMZN,136.52,137.89,135.15,136.52,17721789,-0.63
2023-04-07,AMZN,140.56,141.97,139.15,140.56,14560965,2.96
2023-04-08,AMZN,142.29,143.71,140.87,142.29,15271987,1.23
2023-04-09,AMZN,141.86,143.28,140.44,141.86,19925207,-0.31
2023-04-10,AMZN,138.37,139.75,136.99,138.37,17436157,-2.46
2023-04-11,AMZN,140.53,141.94,139.12,140.53,24435776,1.56
2023-04-12,AMZN,141.55,142.97,140.13,141.55,17937929,0.72
2023-04-13,AMZN,138.95,140.34,137.56,138.95,17778387,-1.84
2023-04-14,AMZN,139.03,140.42,137.64,139.03,20773750,0.06
2023-04-15,AMZN,142.58,144.01,141.15,142.58,19780499,2.56
2023-04-16,AMZN,140.83,142.24,139.42,140.83,16617899,-1.23
2023-04-17,AMZN,140.38,141.78,138.98,140.38,15054304,-0.32
2023-04-18,AMZN,138.82,140.21,137.43,138.82,16220238,-1.11
2023-04-19,AMZN,138.24,139.62,136.86,138.24,21367928,-0.42
2023-04-20,AMZN,139.43,140.82,138.04,139.43,22051927,0.86
2023-04-21,AMZN,136.99,138.36,135.62,136.99,24253113,-1.75
2023-04-22,AMZN,138.95,140.34,137.56,138.95,21888362,1.43
2023-04-23,AMZN,142.22,143.64,140.8,142.22,20529595,2.35
2023-04-24,AMZN,142.03,143.45,140.61,142.03,24045231,-0.13
2023-04-25,AMZN,139.8,141.2,138.4,139.8,19365291,-1.57
2023-04-26,AMZN,143.18,144.61,141.75,143.18,19373845,2.41
2023-04-27,AMZN,141.64,143.06,140.22,141.64,17166814,-1.07
2023-04-28,AMZN,142.46,143.88,141.04,142.46,18713561,0.58
2023-04-29,AMZN,144.0,145.44,142.56,144.0,24925364,1.08
2023-04-30,AMZN,147.23,148.7,145.76,147.23,13028269,2.25
2023-05-01,AMZN,149.49,150.98,148.0,149.49,22362339,1.53
2023-05-02,AMZN,148.75,150.24,147.26,148.75,23732497,-0.5
2023-05-03,AMZN,149.78,151.28,148.28,149.78,14169263,0.69
2023-05-04,AMZN,150.35,151.85,148.85,150.35,19185465,0.38
2023-05-05,AMZN,148.61,150.1,147.12,148.61,21088486,-1.16
2023-05-06,AMZN,150.69,152.2,149.18,150.69,22007681,1.4
2023-05-07,AMZN,152.95,154.48,151.42,152.95,16533089,1.5
2023-05-08,AMZN,149.86,151.36,148.36,149.86,20808454,-2.02
2023-05-09,AMZN,153.24,154.77,151.71,153.24,21060609,2.26
2023-05-10,AMZN,146.94,148.41,145.47,146.94,21641289,-4.11
2023-05-11,AMZN,142.51,143.94,141.08,142.51,22056730,-3.02
2023-05-12,AMZN,141.06,142.47,139.65,141.06,20907478,-1.02
2023-05-13,AMZN,147.14,148.61,145.67,147.14,18940679,4.31
2023-05-14,AMZN,145.07,146.52,143.62,145.07,18697516,-1.41
2023-05-15,AMZN,140.86,142.27,139.45,140.86,16987849,-2.91
2023-05-16,AMZN,144.0,145.44,142.56,144.0,14080592,2.23
2023-05-17,AMZN,142.34,143.76,140.92,142.34,20718879,-1.16
2023-05-18,AMZN,141.32,142.73,139.91,141.32,24049137,-0.72
2023-05-19,AMZN,140.99,142.4,139.58,140.99,18983244,-0.23
2023-05-20,AMZN,141.55,142.97,140.13,141.55,20815162,0.4
2023-05-21,AMZN,141.69,143.11,140.27,141.69,19785152,0.1
2023-05-22,AMZN,136.29,137.65,134.93,136.29,16609603,-3.81
2023-05-23,AMZN,138.0,139.38,136.62,138.0,23023492,1.25
2023-05-24,AMZN,141.66,143.08,140.24,141.66,15669048,2.65
2023-05-25,AMZN,139.43,140.82,138.04,139.43,24488960,-1.57
2023-05-26,AMZN,138.51,139.9,137.12,138.51,21853135,-0.66
2023-05-27,AMZN,147.98,149.46,146.5,147.98,23149425,6.83
2023-05-28,AMZN,147.49,148.96,146.02,147.49,19577486,-0.33
2023-05-29,AMZN,149.19,150.68,147.7,149.19,14238158,1.15
2023-05-30,AMZN,150.66,152.17,149.15,150.66,19169834,0.98
2023-05-31,AMZN,150.58,152.09,149.07,150.58,20317377,-0.05
2023-06-01,AMZN,155.45,157.0,153.9,155.45,20769389,3.23
2023-06-02,AMZN,156.34,157.9,154.78,156.34,22145191,0.57
2023-06-03,AMZN,156.72,158.29,155.15,156.72,21984985,0.25
2023-06-04,AMZN,156.52,158.09,154.95,156.52,23490000,-0.13
2023-06-05,AMZN,160.68,162.29,159.07,160.68,22017717,2.66
2023-06-06,AMZN,153.47,155.0,151.94,153.47,20525808,-4.49
2023-06-07,AMZN,147.72,149.2,146.24,147.72,21144529,-3.75
2023-06-08,AMZN,152.6,154.13,151.07,152.6,23427433,3.31
2023-06-09,AMZN,151.93,153.45,150.41,151.93,19519563,-0.44
2023-06-10,AMZN,146.49,147.95,145.03,146.49,20040096,-3.58
2023-06-11,AMZN,146.04,147.5,144.58,146.04,16231532,-0.31
2023-06-12,AMZN,143.32,144.75,141.89,143.32,16405468,-1.86
2023-06-13,AMZN,149.62,151.12,148.12,149.62,20358169,4.4
2023-06-14,AMZN,152.03,153.55,150.51,152.03,22747880,1.61
2023-06-15,AMZN,157.08,158.65,155.51,157.08,24741386,3.32
2023-06-16,AMZN,160.2,161.8,158.6,160.2,15435599,1.99
2023-06-17,AMZN,163.41,165.04,161.78,163.41,18801248,2.01
2023-06-18,AMZN,159.45,161.04,157.86,159.45,18883636,-2.43
2023-06-19,AMZN,160.1,161.7,158.5,160.1,12304587,0.41
2023-06-20,AMZN,161.54,163.16,159.92,161.54,23410468,0.9
2023-06-21,AMZN,161.98,163.6,160.36,161.98,16753301,0.27
2023-06-22,AMZN,164.12,165.76,162.48,164.12,19919060,1.32
2023-06-23,AMZN,170.0,171.7,168.3,170.0,13106053,3.58
2023-06-24,AMZN,161.41,163.02,159.8,161.41,19702753,-5.05
2023-06-25,AMZN,160.08,161.68,158.48,160.08,20808198,-0.82
2023-06-26,AMZN,161.58,163.2,159.96,161.58,24558678,0.93
2023-06-27,AMZN,160.96,162.57,159.35,160.96,21349614,-0.38
2023-06-28,AMZN,156.89,158.46,155.32,156.89,27395265,-2.53
2023-06-29,AMZN,160.52,162.13,158.91,160.52,22647638,2.31
2023-06-30,AMZN,158.09,159.67,156.51,158.09,24087162,-1.51
2023-07-01,AMZN,161.45,163.06,159.84,161.45,21918564,2.13
2023-07-02,AMZN,161.28,162.89,159.67,161.28,16845616,-0.1
2023-07-03,AMZN,161.26,162.87,159.65,161.26,17638109,-0.01
2023-07-04,AMZN,162.66,164.29,161.03,162.66,16697480,0.87
2023-07-05,AMZN,160.49,162.09,158.89,160.49,13749744,-1.34
2023-07-06,AMZN,162.36,163.98,160.74,162.36,21298382,1.16
2023-07-07,AMZN,160.88,162.49,159.27,160.88,12680477,-0.91
2023-07-08,AMZN,155.61,157.17,154.05,155.61,20301629,-3.28
2023-07-09,AMZN,158.88,160.47,157.29,158.88,17027339,2.1
2023-07-10,AMZN,162.88,164.51,161.25,162.88,25038596,2.52
2023-07-11,AMZN,164.52,166.17,162.87,164.52,23129341,1.01
2023-07-12,AMZN,160.98,162.59,159.37,160.98,14656958,-2.15
2023-07-13,AMZN,167.13,168.8,165.46,167.13,17029390,3.82
2023-07-14,AMZN,171.15,172.86,169.44,171.15,21258405,2.4
2023-07-15,AMZN,177.35,179.12,175.58,177.35,22327145,3.62
2023-07-16,AMZN,173.37,175.1,171.64,173.37,18961310,-2.25
2023-07-17,AMZN,175.97,177.73,174.21,175.97,18353277,1.5
2023-07-18,AMZN,179.83,181.63,178.03,179.83,20288421,2.19
2023-07-19,AMZN,183.84,185.68,182.0,183.84,23386967,2.23
2023-01-01,TSLA,151.08,152.59,149.57,151.08,19596450,0.72
2023-01-02,TSLA,149.61,151.11,148.11,149.61,16563135,-0.97
2023-01-03,TSLA,154.91,156.46,153.36,154.91,20239562,3.54
2023-01-04,TSLA,154.3,155.84,152.76,154.3,19300255,-0.4
2023-01-05,TSLA,154.29,155.83,152.75,154.29,18530302,-0.01
2023-01-06,TSLA,152.68,154.21,151.15,152.68,15907207,-1.04
2023-01-07,TSLA,152.97,154.5,151.44,152.97,23918255,0.19
2023-01-08,TSLA,150.91,152.42,149.4,150.91,21656025,-1.35
2023-01-09,TSLA,152.8,154.33,151.27,152.8,21205248,1.25
2023-01-10,TSLA,158.68,160.27,157.09,158.68,21805343,3.85
2023-01-11,TSLA,159.05,160.64,157.46,159.05,21006158,0.23
2023-01-12,TSLA,161.9,163.52,160.28,161.9,25219972,1.79
2023-01-13,TSLA,161.29,162.9,159.68,161.29,20538567,-0.38
2023-01-14,TSLA,171.33,173.04,169.62,171.33,19852878,6.22
2023-01-15,TSLA,171.19,172.9,169.48,171.19,17481371,-0.08
2023-01-16,TSLA,171.65,173.37,169.93,171.65,19777467,0.27
2023-01-17,TSLA,173.17,174.9,171.44,173.17,20812172,0.89
2023-01-18,TSLA,166.51,168.18,164.84,166.51,16079198,-3.85
2023-01-19,TSLA,166.14,167.8,164.48,166.14,18724367,-0.22
2023-01-20,TSLA,162.87,164.5,161.24,162.87,14479433,-1.97
2023-01-21,TSLA,168.33,170.01,166.65,168.33,24821524,3.35
2023-01-22,TSLA,171.05,172.76,169.34,171.05,18243023,1.61
2023-01-23,TSLA,176.25,178.01,174.49,176.25,17842975,3.04
2023-01-24,TSLA,177.96,179.74,176.18,177.96,17629637,0.97
2023-01-25,TSLA,178.22,180.0,176.44,178.22,21460126,0.15
2023-01-26,TSLA,173.06,174.79,171.33,173.06,18732822,-2.89
2023-01-27,TSLA,174.1,175.84,172.36,174.1,16237198,0.6
2023-01-28,TSLA,170.99,172.7,169.28,170.99,20753524,-1.79
2023-01-29,TSLA,169.33,171.02,167.64,169.33,16311219,-0.97
2023-01-30,TSLA,169.6,171.3,167.9,169.6,21305098,0.16
2023-01-31,TSLA,177.38,179.15,175.61,177.38,20252738,4.59
2023-02-01,TSLA,177.6,179.38,175.82,177.6,19146378,0.12
2023-02-02,TSLA,181.86,183.68,180.04,181.86,20977744,2.4
2023-02-03,TSLA,185.08,186.93,183.23,185.08,20667362,1.77
2023-02-04,TSLA,188.65,190.54,186.76,188.65,21134248,1.93
2023-02-05,TSLA,183.53,185.37,181.69,183.53,19135334,-2.72
2023-02-06,TSLA,182.77,184.6,180.94,182.77,21330163,-0.42
2023-02-07,TSLA,183.51,185.35,181.67,183.51,23991204,0.41
2023-02-08,TSLA,185.15,187.0,183.3,185.15,21414678,0.9
2023-02-09,TSLA,181.58,183.4,179.76,181.58,20450326,-1.93
2023-02-10,TSLA,180.98,182.79,179.17,180.98,13805487,-0.33
2023-02-11,TSLA,176.41,178.17,174.65,176.41,22168971,-2.53
2023-02-12,TSLA,178.89,180.68,177.1,178.89,18232052,1.41
2023-02-13,TSLA,177.07,178.84,175.3,177.07,16599537,-1.02
2023-02-14,TSLA,180.75,182.56,178.94,180.75,17571789,2.08
2023-02-15,TSLA,178.87,180.66,177.08,178.87,23046833,-1.04
2023-02-16,TSLA,182.61,184.44,180.78,182.61,19460768,2.09
2023-02-17,TSLA,182.84,184.67,181.01,182.84,21412989,0.13
2023-02-18,TSLA,181.52,183.34,179.7,181.52,19700589,-0.72
2023-02-19,TSLA,180.99,182.8,179.18,180.99,22061171,-0.29
2023-02-20,TSLA,186.3,188.16,184.44,186.3,23438357,2.93
2023-02-21,TSLA,190.27,192.17,188.37,190.27,16714220,2.13
2023-02-22,TSLA,195.38,197.33,193.43,195.38,17971219,2.68
2023-02-23,TSLA,188.61,190.5,186.72,188.61,17452502,-3.46
2023-02-24,TSLA,188.45,190.33,186.57,188.45,13887898,-0.08
2023-02-25,TSLA,191.32,193.23,189.41,191.32,22496448,1.52
2023-02-26,TSLA,190.05,191.95,188.15,190.05,16501852,-0.66
2023-02-27,TSLA,193.75,195.69,191.81,193.75,17229809,1.95
2023-02-28,TSLA,187.66,189.54,185.78,187.66,19806617,-3.14
2023-03-01,TSLA,187.95,189.83,186.07,187.95,20940342,0.15
2023-03-02,TSLA,191.02,192.93,189.11,191.02,22669191,1.64
2023-03-03,TSLA,186.38,188.24,184.52,186.38,13884751,-2.43
2023-03-04,TSLA,188.28,190.16,186.4,188.28,20148936,1.02
2023-03-05,TSLA,186.74,188.61,184.87,186.74,19565508,-0.82
2023-03-06,TSLA,183.8,185.64,181.96,183.8,25181526,-1.57
2023-03-07,TSLA,176.59,178.36,174.82,176.59,21269781,-3.92
2023-03-08,TSLA,172.23,173.95,170.51,172.23,18016899,-2.47
2023-03-09,TSLA,170.89,172.6,169.18,170.89,17054992,-0.78
2023-03-10,TSLA,170.29,171.99,168.59,170.29,12115334,-0.35
2023-03-11,TSLA,165.24,166.89,163.59,165.24,14435295,-2.97
2023-03-12,TSLA,161.37,162.98,159.76,161.37,17613467,-2.34
2023-03-13,TSLA,161.51,163.13,159.89,161.51,18069868,0.09
2023-03-14,TSLA,158.86,160.45,157.27,158.86,18428127,-1.64
2023-03-15,TSLA,156.8,158.37,155.23,156.8,18885887,-1.3
2023-03-16,TSLA,155.91,157.47,154.35,155.91,17660734,-0.57
2023-03-17,TSLA,151.15,152.66,149.64,151.15,19855987,-3.05
2023-03-18,TSLA,153.83,155.37,152.29,153.83,16818069,1.77
2023-03-19,TSLA,153.65,155.19,152.11,153.65,18668866,-0.12
2023-03-20,TSLA,155.59,157.15,154.03,155.59,17398023,1.26
2023-03-21,TSLA,155.07,156.62,153.52,155.07,19628956,-0.33
2023-03-22,TSLA,156.01,157.57,154.45,156.01,16696148,0.61
2023-03-23,TSLA,157.11,158.68,155.54,157.11,18401967,0.71
2023-03-24,TSLA,158.88,160.47,157.29,158.88,18806532,1.13
2023-03-25,TSLA,163.02,164.65,161.39,163.02,15172076,2.61
2023-03-26,TSLA,164.95,166.6,163.3,164.95,20938975,1.19
2023-03-27,TSLA,166.64,168.31,164.97,166.64,23159493,1.02
2023-03-28,TSLA,160.81,162.42,159.2,160.81,26499624,-3.5
2023-03-29,TSLA,162.64,164.27,161.01,162.64,25787929,1.14
2023-03-30,TSLA,168.87,170.56,167.18,168.87,21284765,3.83
2023-03-31,TSLA,169.91,171.61,168.21,169.91,22248544,0.62
2023-04-01,TSLA,162.33,163.95,160.71,162.33,19735818,-4.46
2023-04-02,TSLA,165.64,167.3,163.98,165.64,24584065,2.04
2023-04-03,TSLA,164.76,166.41,163.11,164.76,21081977,-0.53
2023-04-04,TSLA,166.81,168.48,165.14,166.81,19753252,1.25
2023-04-05,TSLA,163.86,165.5,162.22,163.86,18012609,-1.77
2023-04-06,TSLA,160.6,162.21,158.99,160.6,15462801,-1.99
2023-04-07,TSLA,160.22,161.82,158.62,160.22,26650254,-0.24
2023-04-08,TSLA,161.17,162.78,159.56,161.17,19139076,0.59
2023-04-09,TSLA,162.53,164.16,160.9,162.53,17522412,0.85
2023-04-10,TSLA,157.29,158.86,155.72,157.29,17932418,-3.22
2023-04-11,TSLA,153.89,155.43,152.35,153.89,14453374,-2.16
2023-04-12,TSLA,152.35,153.87,150.83,152.35,21464357,-1.0
2023-04-13,TSLA,153.7,155.24,152.16,153.7,20813820,0.89
2023-04-14,TSLA,158.99,160.58,157.4,158.99,18342853,3.44
2023-04-15,TSLA,160.53,162.14,158.92,160.53,18835031,0.97
2023-04-16,TSLA,165.26,166.91,163.61,165.26,17574556,2.94
2023-04-17,TSLA,167.88,169.56,166.2,167.88,20749285,1.59
2023-04-18,TSLA,172.14,173.86,170.42,172.14,20027762,2.54
2023-04-19,TSLA,171.5,173.22,169.78,171.5,18927908,-0.37
2023-04-20,TSLA,171.15,172.86,169.44,171.15,14404192,-0.21
2023-04-21,TSLA,169.54,171.24,167.84,169.54,18253862,-0.94
2023-04-22,TSLA,165.84,167.5,164.18,165.84,18316858,-2.18
2023-04-23,TSLA,163.03,164.66,161.4,163.03,18459762,-1.7
2023-04-24,TSLA,165.23,166.88,163.58,165.23,21880907,1.35
2023-04-25,TSLA,170.61,172.32,168.9,170.61,20924341,3.26
2023-04-26,TSLA,165.59,167.25,163.93,165.59,19012388,-2.94
2023-04-27,TSLA,163.64,165.28,162.0,163.64,17052740,-1.18
2023-04-28,TSLA,167.32,168.99,165.65,167.32,21363507,2.25
2023-04-29,TSLA,167.72,169.4,166.04,167.72,15547957,0.24
2023-04-30,TSLA,167.61,169.29,165.93,167.61,26978920,-0.06
2023-05-01,TSLA,164.97,166.62,163.32,164.97,19345773,-1.57
2023-05-02,TSLA,169.72,171.42,168.02,169.72,18684193,2.88
2023-05-03,TSLA,168.33,170.01,166.65,168.33,19313903,-0.82
2023-05-04,TSLA,169.67,171.37,167.97,169.67,17193217,0.79
2023-05-05,TSLA,172.97,174.7,171.24,172.97,18816861,1.95
2023-05-06,TSLA,173.86,175.6,172.12,173.86,18749865,0.51
2023-05-07,TSLA,169.39,171.08,167.7,169.39,13412639,-2.57
2023-05-08,TSLA,170.33,172.03,168.63,170.33,14552628,0.56
2023-05-09,TSLA,173.1,174.83,171.37,173.1,20381396,1.63
2023-05-10,TSLA,180.28,182.08,178.48,180.28,18248833,4.15
2023-05-11,TSLA,186.71,188.58,184.84,186.71,19127436,3.57
2023-05-12,TSLA,190.37,192.27,188.47,190.37,21637048,1.96
2023-05-13,TSLA,183.58,185.42,181.74,183.58,29580460,-3.57
2023-05-14,TSLA,189.71,191.61,187.81,189.71,21192666,3.34
2023-05-15,TSLA,194.94,196.89,192.99,194.94,20821741,2.76
2023-05-16,TSLA,198.59,200.58,196.6,198.59,20469866,1.87
2023-05-17,TSLA,194.65,196.6,192.7,194.65,19694887,-1.98
2023-05-18,TSLA,192.81,194.74,190.88,192.81,21896974,-0.95
2023-05-19,TSLA,188.94,190.83,187.05,188.94,20443325,-2.01
2023-05-20,TSLA,183.8,185.64,181.96,183.8,22312553,-2.72
2023-05-21,TSLA,179.5,181.29,177.71,179.5,21810960,-2.34
2023-05-22,TSLA,180.1,181.9,178.3,180.1,23128416,0.34
2023-05-23,TSLA,179.74,181.54,177.94,179.74,22441806,-0.2
2023-05-24,TSLA,180.46,182.26,178.66,180.46,21284841,0.4
2023-05-25,TSLA,174.17,175.91,172.43,174.17,18068971,-3.48
2023-05-26,TSLA,173.78,175.52,172.04,173.78,24111032,-0.23
2023-05-27,TSLA,175.16,176.91,173.41,175.16,14843334,0.79
2023-05-28,TSLA,176.87,178.64,175.1,176.87,17368142,0.98
2023-05-29,TSLA,174.25,175.99,172.51,174.25,19825570,-1.48
2023-05-30,TSLA,175.39,177.14,173.64,175.39,17666953,0.65
2023-05-31,TSLA,169.44,171.13,167.75,169.44,19468542,-3.39
2023-06-01,TSLA,168.85,170.54,167.16,168.85,24300692,-0.35
2023-06-02,TSLA,169.16,170.85,167.47,169.16,23536422,0.19
2023-06-03,TSLA,176.49,178.25,174.73,176.49,16678232,4.33
2023-06-04,TSLA,181.86,183.68,180.04,181.86,22797350,3.04
2023-06-05,TSLA,173.97,175.71,172.23,173.97,19436075,-4.34
2023-06-06,TSLA,176.6,178.37,174.83,176.6,21013622,1.51
2023-06-07,TSLA,182.63,184.46,180.8,182.63,21770871,3.42
2023-06-08,TSLA,177.59,179.37,175.81,177.59,22377848,-2.76
2023-06-09,TSLA,173.71,175.45,171.97,173.71,18342126,-2.19
2023-06-10,TSLA,177.7,179.48,175.92,177.7,22956708,2.3
2023-06-11,TSLA,178.01,179.79,176.23,178.01,17826416,0.18
2023-06-12,TSLA,177.48,179.25,175.71,177.48,19663376,-0.3
2023-06-13,TSLA,175.65,177.41,173.89,175.65,23406427,-1.03
2023-06-14,TSLA,174.37,176.11,172.63,174.37,19214810,-0.73
2023-06-15,TSLA,173.73,175.47,171.99,173.73,22091561,-0.37
2023-06-16,TSLA,174.79,176.54,173.04,174.79,20654797,0.61
2023-06-17,TSLA,171.67,173.39,169.95,171.67,20704298,-1.79
2023-06-18,TSLA,174.4,176.14,172.66,174.4,18966793,1.59
2023-06-19,TSLA,175.08,176.83,173.33,175.08,22762311,0.39
2023-06-20,TSLA,172.45,174.17,170.73,172.45,17637972,-1.5
2023-06-21,TSLA,172.21,173.93,170.49,172.21,22340175,-0.14
2023-06-22,TSLA,162.11,163.73,160.49,162.11,19413258,-5.86
2023-06-23,TSLA,159.99,161.59,158.39,159.99,21072354,-1.31
2023-06-24,TSLA,159.84,161.44,158.24,159.84,23428317,-0.1
2023-06-25,TSLA,162.08,163.7,160.46,162.08,19317126,1.4
2023-06-26,TSLA,158.94,160.53,157.35,158.94,21048744,-1.94
2023-06-27,TSLA,158.15,159.73,156.57,158.15,19386781,-0.5
2023-06-28,TSLA,154.63,156.18,153.08,154.63,20457942,-2.22
2023-06-29,TSLA,153.22,154.75,151.69,153.22,18779088,-0.91
2023-06-30,TSLA,142.29,143.71,140.87,142.29,20100171,-7.14
2023-07-01,TSLA,139.72,141.12,138.32,139.72,21547905,-1.8
2023-07-02,TSLA,140.06,141.46,138.66,140.06,15591081,0.24
2023-07-03,TSLA,139.91,141.31,138.51,139.91,20644812,-0.11
2023-07-04,TSLA,145.89,147.35,144.43,145.89,21798102,4.27
2023-07-05,TSLA,142.27,143.69,140.85,142.27,25829541,-2.48
2023-07-06,TSLA,141.63,143.05,140.21,141.63,19162408,-0.45
2023-07-07,TSLA,147.27,148.74,145.8,147.27,18114618,3.98
2023-07-08,TSLA,146.95,148.42,145.48,146.95,15106003,-0.21
2023-07-09,TSLA,146.98,148.45,145.51,146.98,19546860,0.02
2023-07-10,TSLA,145.96,147.42,144.5,145.96,20474934,-0.7
2023-07-11,TSLA,143.72,145.16,142.28,143.72,24393635,-1.54
2023-07-12,TSLA,143.92,145.36,142.48,143.92,17690365,0.14
2023-07-13,TSLA,140.06,141.46,138.66,140.06,20141969,-2.68
2023-07-14,TSLA,142.77,144.2,141.34,142.77,21068556,1.94
2023-07-15,TSLA,148.58,150.07,147.09,148.58,26021592,4.07
2023-07-16,TSLA,144.93,146.38,143.48,144.93,15527923,-2.46
2023-07-17,TSLA,142.84,144.27,141.41,142.84,22116047,-1.44
2023-07-18,TSLA,144.1,145.54,142.66,144.1,23032364,0.88
2023-07-19,TSLA,141.26,142.67,139.85,141.26,14678414,-1.97
