StudentID,Gender,ParentEducation,AttendancePercentage,StudyHoursPerWeek,MathScore,ScienceScore,EnglishScore,HistoryScore,OverallAverage,PassStatus
STU-2001,Male,Master,89.9,19.4,84,81,85,87,84.5,Pass
STU-2002,Male,Doctorate,90.6,16.0,69,69,76,67,69.1,Pass
STU-2003,Male,Doctorate,91.4,14.9,59,67,66,63,59.6,Pass
STU-2004,Male,Bachelor,84.5,20.5,79,80,87,71,79.5,Pass
STU-2005,Female,Doctorate,58.1,19.5,60,55,60,52,60.9,Fail
STU-2006,Female,Bachelor,81.2,27.0,76,74,80,80,76.1,Pass
STU-2007,Female,Bachelor,77.7,9.0,53,55,52,50,53.6,Pass
STU-2008,Female,High School,82.9,14.3,61,60,62,56,61.5,Pass
STU-2009,Female,Associate,88.4,25.4,73,72,77,73,73.3,Pass
STU-2010,Female,Bachelor,75.2,17.7,62,67,64,55,62.7,Pass
STU-2011,Male,Bachelor,70.0,31.7,76,65,70,70,76.2,Pass
STU-2012,Female,Associate,63.8,20.3,63,64,67,71,63.1,Pass
STU-2013,Male,Doctorate,86.9,15.4,56,51,61,56,56.2,Pass
STU-2014,Male,Associate,98.4,22.4,85,92,84,84,85.5,Pass
STU-2015,Male,High School,86.0,28.1,71,74,71,65,71.9,Pass
STU-2016,Male,High School,91.9,18.5,88,89,92,94,88.2,Pass
STU-2017,Male,High School,65.5,16.9,67,59,72,67,67.1,Pass
STU-2018,Male,High School,98.9,10.2,69,61,76,61,69.4,Pass
STU-2019,Male,High School,60.0,19.5,55,60,60,59,55.7,Pass
STU-2020,Female,Master,74.1,22.2,58,54,59,64,58.1,Pass
STU-2021,Male,Associate,74.7,14.3,62,56,57,57,62.0,Pass
STU-2022,Female,Associate,91.8,25.1,71,74,65,69,71.3,Pass
STU-2023,Male,High School,95.3,14.7,58,59,56,53,58.5,Pass
STU-2024,Female,Doctorate,57.7,19.0,57,51,67,53,57.5,Fail
STU-2025,Male,High School,74.3,17.8,51,51,54,43,51.4,Pass
STU-2026,Male,Associate,78.0,14.3,58,52,60,56,58.6,Pass
STU-2027,Female,Bachelor,100.0,22.9,76,77,75,78,76.2,Pass
STU-2028,Female,Associate,84.7,17.5,79,81,84,75,79.5,Pass
STU-2029,Female,High School,95.6,25.0,99,108,98,92,99.6,Pass
STU-2030,Female,Associate,77.4,22.5,86,88,80,76,86.4,Pass
STU-2031,Female,Doctorate,86.7,20.6,71,80,77,71,71.5,Pass
STU-2032,Female,Master,67.6,3.4,41,41,42,48,41.6,Fail
STU-2033,Male,Bachelor,92.9,17.0,64,60,68,65,64.3,Pass
STU-2034,Female,Bachelor,77.4,16.0,58,62,58,62,58.2,Pass
STU-2035,Male,Master,59.7,17.0,69,73,72,75,69.8,Fail
STU-2036,Male,High School,83.1,15.8,67,64,71,64,67.5,Pass
STU-2037,Female,Bachelor,91.0,7.9,58,61,55,58,58.4,Pass
STU-2038,Female,High School,81.7,19.9,61,63,67,71,61.6,Pass
STU-2039,Female,Bachelor,73.6,23.2,60,65,58,60,60.5,Pass
STU-2040,Female,High School,78.7,18.2,82,82,84,85,82.7,Pass
STU-2041,Female,Master,90.6,17.6,75,81,82,70,75.3,Pass
STU-2042,Male,Master,73.7,17.0,77,76,82,80,77.8,Pass
STU-2043,Female,Doctorate,79.6,22.1,54,54,53,59,54.2,Pass
STU-2044,Female,Doctorate,59.0,9.4,51,52,54,49,51.4,Fail
STU-2045,Male,High School,64.8,15.7,56,52,59,56,56.7,Pass
STU-2046,Male,Associate,74.8,30.2,82,85,81,82,82.6,Pass
STU-2047,Male,Master,79.1,16.4,76,83,78,74,76.1,Pass
STU-2048,Male,Doctorate,79.0,22.1,70,68,73,65,70.2,Pass
STU-2049,Male,Bachelor,74.4,9.4,47,57,45,40,47.9,Fail
STU-2050,Male,Bachelor,65.2,16.8,56,58,59,58,56.2,Pass
STU-2051,Female,Bachelor,90.8,10.5,72,74,70,70,72.7,Pass
STU-2052,Female,Doctorate,85.1,16.3,65,67,68,61,65.5,Pass
STU-2053,Female,High School,71.8,26.6,83,88,87,89,83.6,Pass
STU-2054,Male,Doctorate,79.4,15.6,68,59,71,66,68.7,Pass
STU-2055,Male,Bachelor,62.3,17.9,64,66,65,53,64.9,Pass
STU-2056,Male,Bachelor,79.6,9.1,43,48,46,33,43.6,Fail
STU-2057,Male,Master,78.3,35.6,75,73,79,73,75.9,Pass
STU-2058,Female,Bachelor,68.0,5.7,42,42,43,41,42.6,Fail
STU-2059,Female,Master,87.8,30.6,93,92,87,92,93.3,Pass
STU-2060,Male,High School,88.8,13.7,71,66,78,70,71.5,Pass
STU-2061,Female,Master,62.9,21.8,77,72,75,72,77.5,Pass
STU-2062,Male,Associate,71.7,13.7,56,54,54,51,56.1,Pass
STU-2063,Male,Master,81.4,21.5,72,71,67,68,72.0,Pass
STU-2064,Male,Bachelor,97.0,19.8,80,81,80,71,80.1,Pass
STU-2065,Female,Bachelor,82.1,18.0,59,52,64,56,59.6,Pass
STU-2066,Female,High School,81.2,15.9,64,63,69,62,64.9,Pass
STU-2067,Female,Associate,61.9,15.2,47,48,43,47,47.5,Fail
STU-2068,Male,Master,80.8,30.1,79,75,83,76,79.8,Pass
STU-2069,Female,Doctorate,80.8,27.7,74,74,77,79,74.0,Pass
STU-2070,Female,Associate,92.3,10.8,70,59,77,65,70.0,Pass
STU-2071,Female,Doctorate,82.2,22.5,80,82,80,81,80.3,Pass
STU-2072,Male,Doctorate,87.4,12.2,67,78,69,74,67.1,Pass
STU-2073,Female,Associate,63.7,27.3,72,74,74,70,72.0,Pass
STU-2074,Male,Bachelor,93.7,23.2,78,71,71,79,78.8,Pass
STU-2075,Male,High School,80.5,16.0,67,60,69,68,67.2,Pass
STU-2076,Female,Associate,74.1,20.0,78,76,84,81,78.0,Pass
STU-2077,Male,Master,88.6,15.8,57,56,60,64,57.2,Pass
STU-2078,Female,Bachelor,96.4,15.3,57,64,57,61,57.4,Pass
STU-2079,Female,Associate,89.8,19.3,75,69,77,82,75.3,Pass
STU-2080,Male,Master,98.1,21.9,84,87,85,82,84.2,Pass
STU-2081,Female,Master,80.4,17.6,63,64,65,61,63.4,Pass
STU-2082,Female,High School,87.9,18.5,67,63,62,68,67.3,Pass
STU-2083,Male,Associate,89.8,21.0,83,84,85,83,83.9,Pass
STU-2084,Male,High School,100.0,23.0,90,88,82,88,90.1,Pass
STU-2085,Female,High School,96.1,17.4,70,71,74,64,70.9,Pass
STU-2086,Male,Master,95.7,16.6,78,83,78,78,78.8,Pass
STU-2087,Male,Doctorate,76.7,30.6,63,60,61,56,63.0,Pass
STU-2088,Male,Doctorate,90.9,12.1,78,90,78,75,78.5,Pass
STU-2089,Male,Bachelor,66.2,23.7,67,70,77,62,67.9,Pass
STU-2090,Female,High School,65.7,16.7,51,51,54,44,51.9,Pass
STU-2091,Male,Associate,72.5,20.8,62,62,65,54,62.9,Pass
STU-2092,Male,Bachelor,100.0,27.0,76,67,80,75,76.9,Pass
STU-2093,Male,Associate,100.0,13.2,72,69,75,77,72.0,Pass
STU-2094,Female,Master,90.9,20.6,74,67,77,74,74.4,Pass
STU-2095,Male,Associate,68.5,23.4,66,61,66,65,66.6,Pass
STU-2096,Male,High School,84.2,21.7,74,74,76,70,74.0,Pass
STU-2097,Female,Master,90.9,22.2,71,75,73,72,71.7,Pass
STU-2098,Female,Associate,69.0,25.6,49,49,47,50,49.5,Fail
STU-2099,Female,Doctorate,86.4,19.9,61,56,62,62,61.6,Pass
STU-2100,Female,Master,93.7,12.0,58,59,67,56,58.9,Pass
STU-2101,Female,Master,100.0,18.1,69,65,72,66,69.0,Pass
STU-2102,Male,Doctorate,92.7,8.1,49,41,57,43,49.7,Fail
STU-2103,Female,Master,95.5,13.1,77,69,83,84,77.0,Pass
STU-2104,Male,Associate,60.4,10.7,44,44,44,48,44.4,Fail
STU-2105,Female,Doctorate,90.7,18.7,80,76,77,80,80.7,Pass
STU-2106,Male,Associate,65.1,23.5,72,74,78,73,72.2,Pass
STU-2107,Female,Master,73.3,20.5,72,76,75,70,72.2,Pass
STU-2108,Male,Bachelor,79.0,15.5,74,80,72,80,74.2,Pass
STU-2109,Female,Doctorate,78.7,20.3,72,68,76,73,72.5,Pass
STU-2110,Female,Doctorate,76.4,23.2,89,90,91,85,89.8,Pass
STU-2111,Male,Master,75.2,21.3,79,76,83,82,79.5,Pass
STU-2112,Female,Associate,91.2,18.6,75,70,79,63,75.1,Pass
STU-2113,Male,Associate,92.9,23.0,73,79,72,74,73.2,Pass
STU-2114,Male,High School,81.5,16.6,67,77,62,63,67.3,Pass
STU-2115,Female,Master,79.9,22.7,69,68,73,66,69.4,Pass
STU-2116,Female,Bachelor,81.0,17.9,80,75,83,76,80.8,Pass
STU-2117,Female,High School,76.0,26.9,69,69,72,69,69.9,Pass
STU-2118,Male,Bachelor,77.1,9.0,54,49,63,54,54.5,Pass
STU-2119,Female,Associate,63.0,20.0,72,65,78,64,72.8,Pass
STU-2120,Male,Master,78.2,10.8,35,29,30,27,35.3,Fail
STU-2121,Male,Associate,66.8,11.8,54,60,59,46,54.9,Pass
STU-2122,Male,High School,76.6,14.3,68,60,78,67,68.1,Pass
STU-2123,Female,Associate,99.8,14.6,72,75,79,72,72.4,Pass
STU-2124,Male,Doctorate,98.4,15.3,71,77,78,75,71.3,Pass
STU-2125,Female,Associate,94.4,24.9,70,62,74,64,70.1,Pass
STU-2126,Female,High School,85.2,19.4,70,74,68,73,70.1,Pass
STU-2127,Female,Master,78.6,18.6,65,66,61,63,65.0,Pass
STU-2128,Female,Associate,71.1,22.7,75,66,82,72,75.8,Pass
STU-2129,Male,Bachelor,72.4,7.1,33,37,41,29,33.7,Fail
STU-2130,Female,High School,82.2,10.8,64,64,65,58,64.0,Pass
STU-2131,Female,Bachelor,72.2,15.9,66,65,68,72,66.8,Pass
STU-2132,Female,High School,91.5,18.5,67,68,63,68,67.6,Pass
STU-2133,Female,High School,52.3,7.4,31,34,35,32,31.2,Fail
STU-2134,Female,Bachelor,100.0,28.7,82,92,85,77,82.0,Pass
STU-2135,Male,Associate,87.4,20.5,71,71,78,72,71.5,Pass
STU-2136,Female,Master,81.5,15.4,67,75,70,66,67.4,Pass
STU-2137,Male,Doctorate,81.8,13.9,54,53,55,54,54.9,Pass
STU-2138,Male,Bachelor,65.2,18.3,65,61,65,61,65.1,Pass
STU-2139,Female,Bachelor,76.3,13.0,53,56,58,50,53.8,Pass
STU-2140,Male,High School,72.1,19.3,45,39,49,45,45.9,Fail
STU-2141,Male,Bachelor,100.0,20.9,71,76,68,68,71.7,Pass
STU-2142,Female,High School,67.2,21.3,64,57,73,54,64.8,Pass
STU-2143,Female,Associate,72.7,10.3,57,50,55,61,57.9,Pass
STU-2144,Female,High School,73.4,22.9,67,62,76,65,67.2,Pass
STU-2145,Male,Associate,62.1,20.9,65,60,66,60,65.5,Pass
STU-2146,Male,Bachelor,97.6,18.4,74,71,70,78,74.3,Pass
STU-2147,Female,Master,81.7,25.3,80,80,78,77,80.6,Pass
STU-2148,Female,Bachelor,81.3,16.4,88,91,88,89,88.7,Pass
STU-2149,Male,Associate,86.2,23.4,72,69,75,73,72.2,Pass
STU-2150,Female,Associate,94.3,7.3,66,73,67,65,66.4,Pass
STU-2151,Female,Master,90.1,17.0,65,66,63,60,65.2,Pass
STU-2152,Female,Associate,89.8,7.8,55,70,61,50,55.1,Pass
STU-2153,Female,High School,88.1,14.5,77,82,75,72,77.1,Pass
STU-2154,Female,Master,100.0,2.0,61,54,63,73,61.2,Pass
STU-2155,Female,Bachelor,89.5,13.0,70,75,71,73,70.3,Pass
STU-2156,Female,Associate,74.7,8.7,60,63,65,53,60.8,Pass
STU-2157,Male,Master,80.7,26.4,78,85,82,78,78.2,Pass
STU-2158,Male,Doctorate,76.9,6.3,47,44,51,42,47.0,Fail
STU-2159,Male,Doctorate,74.7,22.5,81,78,79,90,81.6,Pass
STU-2160,Female,Doctorate,82.5,23.7,69,69,77,69,69.7,Pass
STU-2161,Female,Bachelor,83.7,9.1,64,60,72,68,64.9,Pass
STU-2162,Female,Master,56.0,23.5,69,70,64,61,69.0,Fail
STU-2163,Female,Doctorate,71.4,21.4,56,52,62,56,56.6,Pass
STU-2164,Male,Associate,83.2,21.3,65,71,65,62,65.0,Pass
STU-2165,Female,Master,82.8,6.2,49,49,63,43,49.2,Fail
STU-2166,Female,Bachelor,76.3,24.0,74,68,81,74,74.8,Pass
STU-2167,Female,Master,83.4,27.7,72,80,79,71,72.0,Pass
STU-2168,Female,Master,83.6,9.3,56,55,58,51,56.3,Pass
STU-2169,Male,Master,100.0,25.2,85,83,89,78,85.8,Pass
STU-2170,Female,Doctorate,95.2,12.8,66,63,70,71,66.7,Pass
STU-2171,Female,High School,69.0,9.0,53,53,53,43,53.1,Pass
STU-2172,Male,Bachelor,68.6,12.6,40,34,39,39,40.2,Fail
STU-2173,Male,Master,87.7,8.1,61,68,61,62,61.3,Pass
STU-2174,Male,Bachelor,100.0,11.7,72,79,70,66,72.4,Pass
STU-2175,Male,Master,92.3,20.1,75,76,78,79,75.2,Pass
STU-2176,Male,Doctorate,96.4,8.8,78,85,78,80,78.2,Pass
STU-2177,Female,Doctorate,79.9,10.8,69,64,69,68,69.9,Pass
STU-2178,Female,Doctorate,83.6,20.2,71,68,69,73,71.7,Pass
STU-2179,Male,Associate,92.9,23.6,86,85,87,84,86.2,Pass
STU-2180,Male,Associate,88.1,25.4,72,70,69,64,72.9,Pass
STU-2181,Female,Master,79.2,9.8,49,51,54,48,49.5,Fail
STU-2182,Female,High School,86.5,14.9,76,78,78,77,76.1,Pass
STU-2183,Male,High School,86.5,19.7,74,83,75,79,74.2,Pass
STU-2184,Male,Bachelor,73.6,19.2,81,81,87,83,81.6,Pass
STU-2185,Male,Bachelor,86.3,29.7,90,86,96,86,90.7,Pass
STU-2186,Male,Bachelor,86.5,19.0,75,70,80,72,75.4,Pass
STU-2187,Male,Master,76.5,15.6,67,61,65,63,67.5,Pass
STU-2188,Female,Associate,88.2,10.4,66,64,70,70,66.3,Pass
STU-2189,Male,Associate,80.6,19.9,72,65,67,76,72.6,Pass
STU-2190,Male,High School,85.5,30.5,80,85,79,78,80.6,Pass
STU-2191,Female,Master,82.1,20.5,83,88,87,84,83.3,Pass
STU-2192,Female,High School,100.0,11.2,62,65,68,59,62.7,Pass
STU-2193,Female,High School,88.9,24.5,80,70,84,82,80.9,Pass
STU-2194,Male,Bachelor,100.0,20.1,81,85,80,83,81.7,Pass
STU-2195,Female,Master,71.0,21.4,65,64,63,67,65.9,Pass
STU-2196,Male,High School,83.1,22.5,51,49,51,51,51.8,Pass
STU-2197,Male,Doctorate,65.1,30.1,75,74,74,70,75.7,Pass
STU-2198,Male,Master,88.1,22.5,85,82,84,75,85.2,Pass
STU-2199,Female,High School,99.2,22.4,90,97,95,90,90.9,Pass
STU-2200,Female,Doctorate,85.2,14.4,59,62,62,63,59.0,Pass
STU-2201,Male,Master,74.5,16.7,70,74,75,71,70.2,Pass
STU-2202,Male,Bachelor,90.6,26.1,89,88,88,87,89.2,Pass
STU-2203,Male,Doctorate,86.5,7.2,50,46,54,46,50.4,Pass
STU-2204,Female,Master,100.0,14.6,69,64,73,71,69.0,Pass
STU-2205,Male,Associate,88.6,10.1,62,65,67,66,62.7,Pass
STU-2206,Male,Bachelor,100.0,25.3,88,93,88,81,88.9,Pass
STU-2207,Female,Bachelor,82.2,10.9,60,60,66,57,60.7,Pass
STU-2208,Female,Associate,100.0,23.4,86,77,91,86,86.5,Pass
STU-2209,Male,Doctorate,75.7,22.6,59,57,65,60,59.1,Pass
STU-2210,Male,Associate,99.6,23.6,80,68,77,82,80.2,Pass
STU-2211,Female,Doctorate,70.4,14.3,51,45,53,49,51.8,Pass
STU-2212,Female,Associate,74.0,15.9,49,46,49,46,49.7,Fail
STU-2213,Male,Doctorate,100.0,22.6,81,83,82,85,81.2,Pass
STU-2214,Female,Associate,78.4,12.5,53,57,55,58,53.8,Pass
STU-2215,Female,Associate,72.5,12.8,52,49,55,44,52.2,Pass
STU-2216,Male,Bachelor,92.0,19.3,84,82,84,84,84.5,Pass
STU-2217,Female,Doctorate,86.2,14.4,75,88,75,72,75.6,Pass
STU-2218,Female,Bachelor,99.9,14.3,78,73,79,79,78.9,Pass
STU-2219,Female,Bachelor,71.1,17.3,63,52,63,59,63.5,Pass
STU-2220,Female,Master,65.7,27.1,82,81,89,87,82.1,Pass
STU-2221,Male,Bachelor,88.3,24.9,78,75,81,82,78.1,Pass
STU-2222,Male,Doctorate,73.7,16.7,54,51,60,57,54.3,Pass
STU-2223,Female,Bachelor,70.5,17.1,55,50,56,39,55.0,Pass
STU-2224,Female,Doctorate,65.5,21.6,54,53,56,54,54.1,Pass
STU-2225,Male,Associate,99.3,21.5,93,82,97,83,93.0,Pass
STU-2226,Female,High School,98.6,20.9,100,110,97,100,100.0,Pass
STU-2227,Female,High School,72.5,20.7,69,67,75,65,69.8,Pass
STU-2228,Female,Master,93.1,12.5,57,59,63,52,57.8,Pass
STU-2229,Male,High School,75.4,13.8,72,77,78,79,72.6,Pass
STU-2230,Female,Master,70.8,6.0,46,60,39,54,46.8,Fail
STU-2231,Female,Bachelor,59.5,3.7,42,42,47,50,42.0,Fail
STU-2232,Female,Doctorate,82.3,17.9,72,70,70,75,72.9,Pass
STU-2233,Male,Doctorate,74.5,11.7,64,61,69,67,64.0,Pass
STU-2234,Female,Master,82.1,8.8,67,63,75,65,67.2,Pass
STU-2235,Female,High School,91.2,13.2,63,70,71,55,63.3,Pass
STU-2236,Male,Bachelor,94.3,22.9,85,91,86,89,85.5,Pass
STU-2237,Male,High School,88.9,32.0,77,69,77,70,77.0,Pass
STU-2238,Female,Associate,85.7,17.8,80,73,78,85,80.4,Pass
STU-2239,Male,Associate,68.5,18.1,59,60,64,56,59.4,Pass
STU-2240,Female,Associate,89.4,22.5,93,92,86,79,93.6,Pass
STU-2241,Male,High School,94.8,13.9,65,74,57,68,65.4,Pass
STU-2242,Male,High School,84.5,26.5,80,91,81,75,80.1,Pass
STU-2243,Female,Doctorate,66.0,29.2,84,81,82,84,84.8,Pass
STU-2244,Female,Bachelor,74.4,12.0,44,48,47,46,44.0,Fail
STU-2245,Female,Master,76.9,6.9,62,62,69,59,62.4,Pass
STU-2246,Male,Associate,100.0,24.9,95,95,98,96,95.5,Pass
STU-2247,Female,High School,86.4,10.6,68,80,64,71,68.4,Pass
STU-2248,Male,High School,91.0,9.0,51,40,52,45,51.3,Pass
STU-2249,Female,Associate,79.6,18.5,78,72,82,72,78.0,Pass
STU-2250,Female,Master,90.2,23.6,84,77,87,71,84.1,Pass
STU-2251,Female,Master,85.9,26.8,80,81,82,87,80.7,Pass
STU-2252,Female,Associate,83.8,24.8,70,69,73,70,70.2,Pass
STU-2253,Male,Master,73.0,10.3,59,54,66,65,59.0,Pass
STU-2254,Male,Master,71.7,18.7,70,77,72,70,70.1,Pass
STU-2255,Female,Associate,82.3,19.0,69,64,71,66,69.0,Pass
STU-2256,Female,Doctorate,54.2,18.1,58,55,63,51,58.5,Fail
STU-2257,Male,Master,57.8,23.2,53,57,52,49,53.1,Fail
STU-2258,Female,Master,90.5,23.8,78,78,77,83,78.5,Pass
STU-2259,Female,High School,72.0,20.1,63,63,65,58,63.4,Pass
STU-2260,Male,High School,64.2,5.4,44,42,51,38,44.3,Fail
STU-2261,Female,Associate,68.7,6.7,53,54,56,50,53.8,Pass
STU-2262,Female,Associate,47.1,9.3,48,58,52,50,48.6,Fail
STU-2263,Female,Bachelor,43.7,16.4,44,54,51,42,44.0,Fail
STU-2264,Female,Associate,84.2,7.3,50,49,48,56,50.6,Pass
STU-2265,Female,High School,86.7,8.9,56,58,46,52,56.4,Pass
STU-2266,Male,High School,71.6,20.1,92,96,93,91,92.6,Pass
STU-2267,Female,Doctorate,94.2,24.1,82,77,82,82,82.7,Pass
STU-2268,Male,Associate,64.8,22.9,79,79,82,73,79.1,Pass
STU-2269,Male,Associate,87.4,22.7,70,75,71,73,70.6,Pass
STU-2270,Male,Master,83.8,14.1,66,65,63,65,66.7,Pass
STU-2271,Male,Doctorate,89.3,17.2,63,61,67,59,63.3,Pass
STU-2272,Male,Doctorate,83.3,24.6,69,62,66,64,69.5,Pass
STU-2273,Male,Doctorate,92.0,19.4,67,64,69,66,67.1,Pass
STU-2274,Male,Doctorate,79.3,16.7,83,87,80,84,83.6,Pass
STU-2275,Female,Master,100.0,16.4,89,85,93,94,89.4,Pass
STU-2276,Female,Master,90.1,23.9,86,91,85,90,86.8,Pass
STU-2277,Male,Doctorate,60.1,27.7,67,63,73,69,67.5,Pass
STU-2278,Female,Master,95.0,7.7,57,53,57,63,57.8,Pass
STU-2279,Male,Master,89.0,23.3,73,77,80,68,73.7,Pass
STU-2280,Male,Master,83.5,13.3,61,60,60,58,61.0,Pass
STU-2281,Male,Doctorate,66.2,22.0,70,68,70,67,70.4,Pass
STU-2282,Male,Associate,91.4,19.0,76,68,75,77,76.7,Pass
STU-2283,Male,High School,100.0,17.3,67,68,73,68,67.1,Pass
STU-2284,Male,High School,81.1,20.2,87,83,86,89,87.0,Pass
STU-2285,Female,Master,73.4,29.0,80,77,80,74,80.6,Pass
STU-2286,Female,High School,67.5,22.2,46,41,54,43,46.7,Fail
STU-2287,Female,High School,90.6,20.6,74,65,80,70,74.0,Pass
STU-2288,Female,Master,73.2,31.7,95,97,98,97,95.5,Pass
STU-2289,Male,Bachelor,88.8,12.4,66,71,75,60,66.3,Pass
STU-2290,Male,Doctorate,75.5,3.5,45,44,49,47,45.0,Fail
STU-2291,Male,Master,89.4,16.5,64,69,60,66,64.4,Pass
STU-2292,Male,Associate,90.3,18.3,78,79,83,79,78.7,Pass
STU-2293,Female,Associate,100.0,26.1,91,93,89,82,91.3,Pass
STU-2294,Female,Master,80.0,20.2,77,72,83,76,77.8,Pass
STU-2295,Male,Associate,87.0,21.2,67,61,69,63,67.6,Pass
STU-2296,Male,Bachelor,87.2,21.6,96,99,101,101,96.7,Pass
STU-2297,Male,Associate,88.4,17.8,73,77,80,82,73.7,Pass
STU-2298,Male,High School,62.9,12.8,65,56,71,60,65.6,Pass
STU-2299,Male,Doctorate,73.0,18.3,71,70,75,69,71.7,Pass
STU-2300,Male,High School,58.5,12.5,62,63,59,51,62.7,Fail
STU-2301,Male,High School,75.2,19.1,69,77,69,61,69.0,Pass
STU-2302,Male,Master,79.9,26.5,81,77,82,88,81.4,Pass
STU-2303,Male,Bachelor,96.0,17.1,79,77,88,80,79.4,Pass
STU-2304,Female,Master,98.2,21.8,87,93,85,95,87.8,Pass
STU-2305,Male,Doctorate,100.0,16.6,72,75,74,74,72.0,Pass
STU-2306,Male,Doctorate,88.2,11.9,57,60,63,56,57.6,Pass
STU-2307,Male,Associate,76.4,16.9,50,49,52,50,50.7,Pass
STU-2308,Male,Master,80.6,23.9,79,81,76,82,79.5,Pass
STU-2309,Male,Master,100.0,8.2,64,61,78,61,64.7,Pass
STU-2310,Male,Associate,89.1,14.4,70,69,76,71,70.6,Pass
STU-2311,Female,Doctorate,87.8,20.8,68,70,70,72,68.8,Pass
STU-2312,Female,Doctorate,65.4,5.4,58,60,64,63,58.0,Pass
STU-2313,Male,High School,86.0,24.5,73,72,74,62,73.6,Pass
STU-2314,Male,High School,89.1,19.6,72,78,71,64,72.1,Pass
STU-2315,Female,High School,69.6,19.2,69,59,72,64,69.6,Pass
STU-2316,Male,Associate,99.7,9.3,63,59,64,66,63.3,Pass
STU-2317,Female,Doctorate,75.8,24.9,76,77,80,81,76.0,Pass
STU-2318,Female,High School,68.6,15.2,73,71,67,64,73.2,Pass
STU-2319,Female,Bachelor,54.4,18.5,61,62,57,54,61.0,Fail
STU-2320,Female,Master,70.8,24.5,70,67,77,75,70.1,Pass
STU-2321,Male,Doctorate,87.9,19.7,63,62,72,59,63.5,Pass
STU-2322,Male,Associate,90.1,24.7,86,89,89,86,86.6,Pass
STU-2323,Male,High School,80.8,20.2,62,63,71,57,62.1,Pass
STU-2324,Male,Bachelor,59.9,28.6,75,78,80,72,75.4,Fail
STU-2325,Male,Doctorate,73.9,12.5,53,55,60,46,53.0,Pass
STU-2326,Male,Doctorate,73.3,13.4,72,81,82,68,72.0,Pass
STU-2327,Male,Master,68.5,14.8,54,60,51,50,54.8,Pass
STU-2328,Male,Doctorate,100.0,19.4,73,76,76,66,73.3,Pass
STU-2329,Male,Associate,72.5,16.6,52,49,50,49,52.0,Pass
STU-2330,Female,High School,67.6,14.1,55,55,56,59,55.8,Pass
STU-2331,Female,High School,81.8,18.8,73,70,78,76,73.9,Pass
STU-2332,Female,Master,76.0,16.9,62,55,67,64,62.5,Pass
STU-2333,Female,High School,93.3,11.1,64,70,68,72,64.8,Pass
STU-2334,Male,Bachelor,81.8,18.6,68,61,66,68,68.2,Pass
STU-2335,Male,Bachelor,78.3,16.0,76,77,79,72,76.9,Pass
STU-2336,Female,Bachelor,69.1,22.8,68,63,75,65,68.7,Pass
STU-2337,Male,Doctorate,64.8,20.4,64,61,69,73,64.2,Pass
STU-2338,Male,High School,83.7,26.2,69,65,75,68,69.1,Pass
STU-2339,Male,Doctorate,100.0,18.6,73,64,74,67,73.6,Pass
STU-2340,Male,Associate,75.3,26.4,85,89,85,89,85.5,Pass
STU-2341,Male,Master,72.1,13.6,63,59,64,60,63.9,Pass
STU-2342,Male,Bachelor,67.5,26.7,85,87,88,82,85.5,Pass
STU-2343,Female,High School,93.0,21.6,82,81,86,86,82.2,Pass
STU-2344,Female,Bachelor,62.8,15.5,55,53,53,56,55.5,Pass
STU-2345,Male,Doctorate,67.3,18.1,50,57,48,46,50.5,Pass
STU-2346,Female,High School,80.0,20.4,78,75,83,84,78.1,Pass
STU-2347,Male,Bachelor,100.0,23.7,79,80,72,81,79.4,Pass
STU-2348,Male,Doctorate,83.8,27.6,74,77,75,66,74.9,Pass
STU-2349,Female,Associate,85.0,12.5,51,44,54,50,51.3,Pass
STU-2350,Female,Master,74.7,18.7,62,67,61,62,62.5,Pass
STU-2351,Female,Doctorate,79.0,26.2,82,78,90,85,82.3,Pass
STU-2352,Female,High School,75.9,10.0,42,49,47,45,42.7,Fail
STU-2353,Male,High School,70.3,31.2,76,83,75,77,76.0,Pass
STU-2354,Female,Master,74.2,6.5,49,42,56,50,49.4,Fail
STU-2355,Male,Bachelor,79.1,18.9,69,70,75,62,69.0,Pass
STU-2356,Male,Master,78.0,24.0,78,77,77,75,78.2,Pass
STU-2357,Male,Bachelor,100.0,25.5,80,83,85,72,80.9,Pass
STU-2358,Female,Doctorate,59.4,26.3,70,78,69,64,70.2,Fail
STU-2359,Female,Associate,78.9,27.1,95,96,99,90,95.7,Pass
STU-2360,Male,High School,98.7,13.4,84,77,93,94,84.3,Pass
STU-2361,Female,Associate,79.9,13.1,46,58,54,41,46.8,Fail
STU-2362,Male,Master,65.4,14.7,52,51,59,53,52.6,Pass
STU-2363,Male,High School,88.4,24.4,81,87,86,79,81.5,Pass
STU-2364,Male,High School,87.2,15.7,60,54,72,59,60.4,Pass
STU-2365,Female,Doctorate,97.0,11.1,47,40,49,52,47.8,Fail
STU-2366,Female,Master,54.9,17.0,68,72,73,73,68.7,Fail
STU-2367,Female,Associate,78.5,12.7,67,71,64,66,67.2,Pass
STU-2368,Male,High School,71.8,15.6,55,57,55,63,55.0,Pass
STU-2369,Male,Master,77.1,13.2,69,64,73,72,69.9,Pass
STU-2370,Female,Doctorate,89.1,12.9,75,79,75,70,75.0,Pass
STU-2371,Male,Doctorate,96.4,14.7,73,73,71,66,73.2,Pass
STU-2372,Male,High School,70.8,18.7,53,58,61,61,53.2,Pass
STU-2373,Female,Doctorate,91.6,25.0,73,69,73,73,73.6,Pass
STU-2374,Female,Bachelor,82.7,21.9,82,76,86,81,82.3,Pass
STU-2375,Male,Associate,75.6,19.9,71,72,77,66,71.2,Pass
STU-2376,Female,High School,83.4,28.0,82,93,83,78,82.4,Pass
STU-2377,Female,High School,85.8,19.2,71,69,71,72,71.0,Pass
STU-2378,Male,Master,94.1,23.5,78,72,80,75,78.5,Pass
STU-2379,Female,Associate,83.7,10.8,61,67,63,58,61.3,Pass
STU-2380,Female,Doctorate,91.3,7.0,63,60,63,65,63.3,Pass
STU-2381,Male,Bachelor,66.9,23.5,64,66,70,66,64.6,Pass
STU-2382,Male,Bachelor,88.7,13.1,59,60,62,55,59.4,Pass
STU-2383,Male,Bachelor,80.8,11.1,65,55,68,74,65.5,Pass
STU-2384,Female,Bachelor,54.0,13.1,46,51,45,52,46.8,Fail
STU-2385,Male,Bachelor,76.6,23.4,71,71,77,67,71.6,Pass
STU-2386,Male,Doctorate,81.5,21.0,76,80,79,84,76.2,Pass
STU-2387,Female,Bachelor,80.5,16.9,76,76,80,76,76.2,Pass
STU-2388,Male,Doctorate,94.0,18.0,60,58,62,46,60.0,Pass
STU-2389,Male,Associate,96.3,10.5,57,55,59,53,57.4,Pass
STU-2390,Female,Doctorate,73.2,15.5,55,59,64,59,55.9,Pass
STU-2391,Male,Doctorate,59.7,13.4,54,56,61,50,54.9,Fail
STU-2392,Male,High School,79.8,25.6,73,75,80,71,73.7,Pass
STU-2393,Female,Bachelor,73.3,22.5,67,61,69,61,67.3,Pass
STU-2394,Female,Bachelor,81.2,12.7,56,53,57,61,56.9,Pass
STU-2395,Male,Doctorate,63.4,15.1,60,66,61,58,60.2,Pass
STU-2396,Female,High School,71.6,17.9,59,57,59,49,59.0,Pass
STU-2397,Female,High School,85.6,22.0,86,91,90,90,86.9,Pass
STU-2398,Female,High School,83.1,23.9,81,79,86,75,81.0,Pass
STU-2399,Male,Doctorate,91.5,13.6,70,77,75,75,70.3,Pass
STU-2400,Male,Master,88.5,9.3,53,57,53,52,53.2,Pass
STU-2401,Female,Master,87.2,17.5,62,68,63,61,62.9,Pass
STU-2402,Female,Associate,97.8,11.9,82,76,81,83,82.3,Pass
STU-2403,Female,High School,76.8,16.4,59,51,71,60,59.4,Pass
STU-2404,Female,Master,99.7,11.3,80,78,88,79,80.6,Pass
STU-2405,Female,Doctorate,69.9,17.9,67,65,77,62,67.7,Pass
STU-2406,Male,Bachelor,87.9,13.8,69,79,70,63,69.6,Pass
STU-2407,Male,Doctorate,78.9,14.7,64,68,71,59,64.5,Pass
STU-2408,Female,Doctorate,76.2,18.0,55,64,64,54,55.2,Pass
STU-2409,Female,Bachelor,90.4,13.5,70,72,80,67,70.9,Pass
STU-2410,Male,High School,79.8,12.9,60,63,62,58,60.6,Pass
STU-2411,Female,Associate,82.2,34.2,90,93,91,93,90.5,Pass
STU-2412,Male,Doctorate,76.9,25.2,77,82,78,70,77.9,Pass
STU-2413,Male,Master,84.2,9.2,61,43,67,65,61.3,Pass
STU-2414,Female,Associate,92.2,16.1,81,86,84,71,81.6,Pass
STU-2415,Male,Doctorate,65.9,11.3,49,41,50,42,49.0,Fail
STU-2416,Female,Bachelor,91.2,20.5,80,85,86,68,80.0,Pass
STU-2417,Female,Master,81.0,18.3,67,68,66,68,67.5,Pass
STU-2418,Male,Doctorate,87.0,14.5,60,67,60,71,60.2,Pass
STU-2419,Female,Master,74.1,15.0,64,65,66,61,64.2,Pass
STU-2420,Female,Bachelor,61.3,18.7,63,64,68,68,63.5,Pass
STU-2421,Male,Doctorate,74.3,17.8,58,65,62,63,58.8,Pass
STU-2422,Male,Associate,93.2,11.8,79,81,82,74,79.1,Pass
STU-2423,Male,Associate,76.0,18.0,66,67,71,58,66.3,Pass
STU-2424,Female,High School,98.9,12.3,64,65,56,61,64.3,Pass
STU-2425,Female,Bachelor,81.1,21.4,79,85,83,75,79.4,Pass
STU-2426,Male,Bachelor,84.5,21.9,79,83,80,80,79.6,Pass
STU-2427,Female,Bachelor,86.8,9.4,67,60,70,62,67.1,Pass
STU-2428,Female,Doctorate,61.6,24.3,52,50,54,63,52.5,Pass
STU-2429,Female,Associate,91.1,4.5,44,37,43,40,44.3,Fail
STU-2430,Male,Master,96.3,19.2,79,85,82,77,79.1,Pass
STU-2431,Male,Master,69.8,13.2,46,54,52,38,46.7,Fail
STU-2432,Female,Doctorate,89.2,29.2,83,82,92,83,83.5,Pass
STU-2433,Male,Doctorate,78.2,14.8,55,52,60,48,55.5,Pass
STU-2434,Male,High School,100.0,7.2,65,64,67,63,65.5,Pass
STU-2435,Male,Bachelor,87.4,19.6,70,62,74,58,70.8,Pass
STU-2436,Female,High School,83.0,17.0,77,78,81,83,77.9,Pass
STU-2437,Female,Doctorate,88.9,11.9,50,52,54,39,50.5,Pass
STU-2438,Female,Bachelor,92.3,15.7,69,66,74,68,69.7,Pass
STU-2439,Male,High School,66.5,22.4,58,58,58,54,58.0,Pass
STU-2440,Male,Associate,82.1,10.4,48,48,53,49,48.9,Fail
STU-2441,Male,Associate,95.2,15.7,78,81,80,79,78.3,Pass
STU-2442,Female,High School,100.0,18.6,86,78,89,81,86.0,Pass
STU-2443,Male,High School,93.5,17.0,70,70,71,68,70.9,Pass
STU-2444,Male,Bachelor,96.4,22.2,82,82,81,74,82.1,Pass
STU-2445,Male,Master,91.7,17.4,67,67,71,66,67.5,Pass
STU-2446,Female,Master,100.0,25.4,93,96,97,90,93.2,Pass
STU-2447,Male,Bachelor,92.9,23.3,79,73,85,76,79.7,Pass
STU-2448,Male,Master,91.5,23.6,82,90,89,83,82.4,Pass
STU-2449,Female,Doctorate,64.2,19.4,53,45,57,52,53.2,Pass
STU-2450,Male,Doctorate,77.9,17.6,66,64,67,64,66.4,Pass
STU-2451,Female,Doctorate,96.0,23.2,81,73,79,78,81.2,Pass
STU-2452,Male,Associate,100.0,10.0,71,71,65,71,71.2,Pass
STU-2453,Female,Master,87.2,9.8,65,62,69,63,65.5,Pass
STU-2454,Female,Associate,80.1,15.9,73,74,68,69,73.1,Pass
STU-2455,Male,Bachelor,75.3,21.8,69,68,72,77,69.3,Pass
STU-2456,Female,Master,87.0,26.5,88,84,91,88,88.9,Pass
STU-2457,Female,High School,68.0,11.0,54,54,61,55,54.3,Pass
STU-2458,Female,Associate,73.9,25.3,84,80,93,86,84.9,Pass
STU-2459,Female,Associate,73.2,23.3,67,63,72,56,67.3,Pass
STU-2460,Female,Associate,82.2,14.0,68,57,72,66,68.4,Pass
STU-2461,Male,Master,88.8,12.1,65,69,67,58,65.1,Pass
STU-2462,Female,Bachelor,79.3,17.9,50,46,50,40,50.7,Pass
STU-2463,Female,Doctorate,100.0,16.5,71,71,73,75,71.3,Pass
STU-2464,Female,Master,67.9,19.7,58,54,55,58,58.6,Pass
STU-2465,Female,Associate,73.4,9.3,46,56,42,47,46.2,Fail
STU-2466,Male,Master,77.7,16.7,74,70,78,77,74.2,Pass
STU-2467,Male,Associate,78.1,21.5,80,73,81,79,80.7,Pass
STU-2468,Male,Associate,100.0,4.9,66,70,66,69,66.0,Pass
STU-2469,Male,Associate,86.0,12.8,64,57,62,55,64.4,Pass
STU-2470,Male,Master,87.1,16.3,67,71,64,73,67.5,Pass
STU-2471,Male,Associate,88.2,16.8,69,74,72,76,69.2,Pass
STU-2472,Male,High School,100.0,23.1,89,92,94,83,89.8,Pass
STU-2473,Male,Master,85.8,22.0,60,55,65,67,60.7,Pass
STU-2474,Female,Master,87.0,16.8,80,81,86,77,80.7,Pass
STU-2475,Male,Doctorate,82.2,14.1,77,76,75,76,77.1,Pass
STU-2476,Female,Bachelor,87.4,10.6,69,68,71,68,69.7,Pass
STU-2477,Male,Bachelor,80.2,24.1,74,78,73,79,74.9,Pass
STU-2478,Male,Bachelor,72.0,16.1,59,57,60,62,59.2,Pass
STU-2479,Male,Master,77.1,19.3,63,76,65,68,63.8,Pass
STU-2480,Female,High School,74.1,21.5,63,63,67,57,63.0,Pass
STU-2481,Male,Master,100.0,17.6,69,69,66,62,69.2,Pass
STU-2482,Male,High School,71.5,23.1,71,75,73,69,71.0,Pass
STU-2483,Male,Master,100.0,15.0,65,68,74,66,65.1,Pass
STU-2484,Female,Bachelor,79.0,23.0,79,88,87,75,79.9,Pass
STU-2485,Male,Master,86.5,11.0,69,66,72,76,69.5,Pass
STU-2486,Female,Doctorate,92.5,14.4,64,59,70,68,64.2,Pass
STU-2487,Male,Doctorate,70.1,28.8,55,56,56,53,55.4,Pass
STU-2488,Male,Associate,65.2,15.1,60,59,70,59,60.9,Pass
STU-2489,Male,Bachelor,85.6,25.1,75,71,71,70,75.0,Pass
STU-2490,Female,Doctorate,95.5,15.3,60,53,66,59,60.5,Pass
STU-2491,Female,Doctorate,64.4,21.0,56,52,52,57,56.0,Pass
STU-2492,Male,Master,100.0,14.1,68,69,71,66,68.9,Pass
STU-2493,Female,Bachelor,79.9,30.0,90,87,91,91,90.3,Pass
STU-2494,Female,Associate,67.1,23.1,69,64,73,78,69.6,Pass
STU-2495,Female,Doctorate,67.7,15.6,68,70,67,65,68.5,Pass
STU-2496,Male,Doctorate,80.4,17.9,60,59,63,52,60.6,Pass
STU-2497,Female,Associate,81.4,7.2,42,39,46,46,42.0,Fail
STU-2498,Male,Bachelor,42.3,17.1,30,29,30,15,30.0,Fail
STU-2499,Female,Master,64.2,21.4,61,56,67,60,61.8,Pass
STU-2500,Male,Associate,89.4,19.8,76,77,79,72,76.8,Pass
STU-2501,Male,Doctorate,81.4,19.6,71,63,65,65,71.0,Pass
STU-2502,Male,Associate,67.7,24.2,62,53,62,68,62.8,Pass
STU-2503,Male,Associate,84.2,29.1,86,73,84,96,86.0,Pass
STU-2504,Female,High School,65.7,20.0,55,58,60,56,55.9,Pass
STU-2505,Female,Associate,100.0,16.4,72,70,79,73,72.3,Pass
STU-2506,Female,Master,72.7,21.9,65,70,67,60,65.9,Pass
STU-2507,Female,High School,64.4,21.4,69,75,72,66,69.5,Pass
STU-2508,Male,Associate,63.1,15.6,50,52,57,47,50.8,Pass
STU-2509,Female,Master,51.9,17.8,54,58,58,54,54.9,Fail
STU-2510,Female,Master,83.7,9.9,64,61,62,55,64.0,Pass
STU-2511,Male,Master,96.6,21.1,75,65,75,71,75.8,Pass
STU-2512,Male,Associate,64.8,30.0,74,76,73,73,74.0,Pass
STU-2513,Female,Associate,77.0,12.8,74,81,77,69,74.7,Pass
STU-2514,Female,Associate,92.2,16.9,72,73,73,77,72.9,Pass
STU-2515,Male,Associate,96.1,17.0,64,66,65,72,64.5,Pass
STU-2516,Male,High School,82.6,18.6,75,75,73,70,75.9,Pass
STU-2517,Female,High School,78.0,18.7,71,73,72,69,71.5,Pass
STU-2518,Male,Associate,60.8,18.2,61,74,66,63,61.7,Pass
STU-2519,Female,Bachelor,80.8,20.7,62,59,63,60,62.7,Pass
STU-2520,Female,Master,76.5,16.5,41,43,45,34,41.3,Fail
STU-2521,Male,Master,75.1,17.1,63,66,64,66,63.0,Pass
STU-2522,Female,Associate,77.7,14.4,56,58,52,58,56.9,Pass
STU-2523,Female,Doctorate,78.7,16.8,77,72,86,63,77.6,Pass
STU-2524,Male,High School,83.5,21.2,65,66,68,65,65.2,Pass
STU-2525,Male,Master,82.8,2.1,38,39,37,42,38.6,Fail
STU-2526,Male,Doctorate,99.8,23.6,91,88,95,91,91.1,Pass
STU-2527,Male,Master,80.5,12.8,60,65,65,65,60.9,Pass
STU-2528,Male,Bachelor,59.8,12.7,60,63,62,61,60.1,Fail
STU-2529,Male,Bachelor,90.3,21.0,73,72,78,79,73.8,Pass
STU-2530,Female,Bachelor,97.9,22.0,86,80,83,78,86.0,Pass
STU-2531,Male,High School,85.2,20.7,73,75,70,67,73.8,Pass
STU-2532,Female,High School,96.3,10.8,47,50,50,45,47.8,Fail
STU-2533,Female,Master,86.0,14.5,60,59,56,61,60.7,Pass
STU-2534,Male,Associate,89.7,13.4,58,63,56,52,58.3,Pass
STU-2535,Female,Associate,78.1,21.9,81,85,86,82,81.6,Pass
STU-2536,Male,Master,74.2,21.6,66,67,67,68,66.0,Pass
STU-2537,Female,Bachelor,93.2,9.7,77,69,79,70,77.6,Pass
STU-2538,Female,Master,93.8,21.8,68,68,68,74,68.2,Pass
STU-2539,Male,Associate,82.9,29.6,88,85,88,110,88.7,Pass
STU-2540,Female,Bachelor,94.2,23.2,75,83,84,66,75.2,Pass
STU-2541,Female,High School,68.7,12.0,47,49,51,51,47.8,Fail
STU-2542,Female,Master,90.9,17.6,72,78,67,75,72.0,Pass
STU-2543,Male,Associate,72.3,17.6,74,69,76,76,74.7,Pass
STU-2544,Male,Master,67.4,20.5,61,62,61,55,61.4,Pass
STU-2545,Male,Doctorate,93.0,17.8,76,76,76,77,76.6,Pass
STU-2546,Female,Associate,100.0,17.6,85,93,91,83,85.0,Pass
STU-2547,Male,Doctorate,89.7,10.3,56,53,62,60,56.5,Pass
STU-2548,Male,Associate,92.6,9.9,68,56,66,55,68.2,Pass
STU-2549,Male,Associate,87.7,10.2,58,66,56,55,58.4,Pass
STU-2550,Male,Master,70.4,14.6,60,63,62,62,60.8,Pass
STU-2551,Male,Doctorate,73.7,14.4,66,61,68,62,66.3,Pass
STU-2552,Female,Associate,98.6,25.1,93,91,96,97,93.9,Pass
STU-2553,Male,High School,93.2,18.4,78,89,82,76,78.7,Pass
STU-2554,Male,Associate,100.0,22.3,79,76,79,83,79.6,Pass
STU-2555,Female,Master,77.5,27.4,82,80,78,79,82.1,Pass
STU-2556,Male,Bachelor,82.8,13.4,71,68,77,66,71.1,Pass
STU-2557,Female,Associate,85.6,23.4,75,78,79,69,75.1,Pass
STU-2558,Male,Doctorate,68.5,16.2,62,53,68,59,62.4,Pass
STU-2559,Male,Doctorate,95.7,15.5,66,56,69,78,66.2,Pass
STU-2560,Female,Associate,82.8,18.4,75,75,70,79,75.6,Pass
STU-2561,Female,Doctorate,71.7,18.4,70,66,68,64,70.3,Pass
STU-2562,Male,High School,93.3,15.3,72,76,76,69,72.4,Pass
STU-2563,Female,Doctorate,78.5,20.8,79,78,82,85,79.8,Pass
STU-2564,Female,Master,78.9,21.7,75,71,78,74,75.4,Pass
STU-2565,Male,Master,77.7,32.1,83,84,82,88,83.3,Pass
STU-2566,Female,High School,53.0,18.4,53,48,52,53,53.0,Fail
STU-2567,Female,Master,82.4,18.9,50,50,49,44,50.5,Pass
STU-2568,Male,Bachelor,86.0,15.1,80,87,87,82,80.2,Pass
STU-2569,Male,Master,95.8,14.7,80,76,84,79,80.6,Pass
STU-2570,Male,High School,73.6,17.4,65,70,68,60,65.5,Pass
STU-2571,Female,Bachelor,72.8,12.8,45,53,47,45,45.6,Fail
STU-2572,Female,Associate,72.2,15.8,71,66,66,62,71.9,Pass
STU-2573,Male,Associate,100.0,26.7,83,87,84,84,83.6,Pass
STU-2574,Male,Doctorate,72.7,14.6,68,70,76,69,68.0,Pass
STU-2575,Female,Master,74.1,17.1,67,65,72,62,67.2,Pass
STU-2576,Female,Doctorate,100.0,17.5,71,73,71,65,71.0,Pass
STU-2577,Female,Master,66.7,25.2,60,64,67,56,60.5,Pass
STU-2578,Female,Master,77.7,12.4,40,34,43,39,40.5,Fail
STU-2579,Male,Doctorate,89.1,13.9,49,55,50,54,49.4,Fail
STU-2580,Female,Associate,66.3,25.2,79,70,75,74,79.8,Pass
STU-2581,Female,Bachelor,83.4,32.4,78,74,77,80,78.0,Pass
STU-2582,Male,Associate,71.6,13.2,60,62,62,60,60.3,Pass
STU-2583,Female,Doctorate,94.8,27.0,76,78,74,65,76.9,Pass
STU-2584,Female,Bachelor,69.0,18.4,58,57,62,56,58.7,Pass
STU-2585,Female,Master,68.5,17.7,54,53,62,52,54.9,Pass
STU-2586,Male,Associate,100.0,26.6,82,76,80,80,82.3,Pass
STU-2587,Female,Master,65.9,14.4,60,61,64,62,60.0,Pass
STU-2588,Female,Associate,86.5,12.9,71,71,73,67,71.8,Pass
STU-2589,Female,Associate,92.0,20.0,54,64,57,56,54.5,Pass
STU-2590,Female,High School,80.0,19.1,59,61,64,61,59.8,Pass
STU-2591,Female,Master,62.2,17.8,45,54,55,40,45.8,Fail
STU-2592,Female,High School,79.5,14.8,59,59,61,56,59.1,Pass
STU-2593,Female,Associate,90.2,21.9,77,81,76,73,77.8,Pass
STU-2594,Female,Associate,71.6,25.9,65,63,69,62,65.3,Pass
STU-2595,Female,High School,60.8,15.0,47,48,49,43,47.0,Fail
STU-2596,Female,High School,100.0,34.0,93,94,97,92,93.8,Pass
STU-2597,Male,Bachelor,87.1,13.2,67,54,64,59,67.5,Pass
STU-2598,Female,Associate,82.6,24.9,86,86,85,86,86.1,Pass
STU-2599,Female,High School,77.7,10.7,62,62,64,60,62.1,Pass
STU-2600,Female,Doctorate,71.2,27.5,77,75,79,64,77.0,Pass
STU-2601,Male,Master,85.0,22.6,67,66,69,68,67.8,Pass
STU-2602,Female,Associate,80.0,2.0,50,55,50,48,50.4,Pass
STU-2603,Male,Doctorate,88.8,23.8,81,86,84,79,81.1,Pass
STU-2604,Male,Doctorate,92.7,15.8,68,65,72,65,68.5,Pass
STU-2605,Male,High School,80.0,15.8,77,83,81,71,77.1,Pass
STU-2606,Male,High School,78.0,19.7,55,55,56,53,55.5,Pass
STU-2607,Male,High School,78.8,16.1,68,68,78,68,68.3,Pass
STU-2608,Male,Associate,69.4,20.8,76,84,75,67,76.3,Pass
STU-2609,Female,Associate,72.3,13.2,50,62,52,51,50.3,Pass
STU-2610,Female,High School,95.5,19.6,68,70,64,62,68.0,Pass
STU-2611,Female,Doctorate,92.6,19.8,68,59,71,66,68.0,Pass
STU-2612,Female,Doctorate,100.0,7.8,67,58,64,60,67.4,Pass
STU-2613,Female,Associate,100.0,2.3,49,59,45,48,49.0,Fail
STU-2614,Female,Master,85.7,27.1,82,82,81,88,82.6,Pass
STU-2615,Female,Bachelor,59.8,19.2,67,72,65,63,67.4,Fail
STU-2616,Male,High School,73.2,3.5,48,52,50,55,48.3,Fail
STU-2617,Female,Associate,85.2,10.9,47,53,55,45,47.1,Fail
STU-2618,Male,Doctorate,66.8,14.0,49,51,52,44,49.4,Fail
STU-2619,Male,High School,100.0,15.7,80,85,88,79,80.3,Pass
STU-2620,Female,High School,87.1,16.1,56,61,63,50,56.2,Pass
STU-2621,Male,High School,89.1,32.5,91,82,94,94,91.6,Pass
STU-2622,Female,Master,98.2,17.4,91,83,96,88,91.9,Pass
STU-2623,Female,Associate,78.1,19.1,74,80,79,70,74.8,Pass
STU-2624,Female,Bachelor,92.0,17.6,67,71,62,71,67.1,Pass
STU-2625,Male,Associate,96.6,11.3,63,67,63,62,63.5,Pass
STU-2626,Male,Master,77.5,22.1,72,65,77,64,72.8,Pass
STU-2627,Male,Master,79.6,22.3,49,55,46,52,49.1,Fail
STU-2628,Female,Associate,56.7,8.5,62,63,65,58,62.7,Fail
STU-2629,Female,High School,79.7,20.5,78,71,79,82,78.6,Pass
STU-2630,Female,Master,87.9,23.7,71,67,72,68,71.5,Pass
STU-2631,Female,High School,97.4,18.1,76,71,75,85,76.8,Pass
STU-2632,Female,High School,86.0,14.3,65,63,69,73,65.8,Pass
STU-2633,Female,Master,69.5,22.7,72,71,72,71,72.9,Pass
STU-2634,Female,Bachelor,96.2,28.9,99,103,101,98,99.1,Pass
STU-2635,Female,Doctorate,83.2,27.4,91,83,98,90,91.8,Pass
STU-2636,Male,High School,85.0,14.1,71,65,70,69,71.7,Pass
STU-2637,Male,Associate,76.4,16.5,63,65,65,66,63.5,Pass
STU-2638,Female,Master,75.6,20.6,62,71,66,69,62.1,Pass
STU-2639,Male,High School,74.3,28.0,75,73,78,80,75.5,Pass
STU-2640,Male,Master,80.9,30.5,73,72,73,63,73.6,Pass
STU-2641,Female,Doctorate,99.6,15.7,85,85,88,77,85.5,Pass
STU-2642,Male,Doctorate,67.6,28.0,69,64,68,69,69.1,Pass
STU-2643,Male,Master,80.0,20.7,72,81,78,69,72.5,Pass
STU-2644,Male,Master,77.4,14.3,67,70,65,67,67.0,Pass
STU-2645,Male,High School,81.9,19.5,77,78,79,77,77.3,Pass
STU-2646,Male,Master,71.1,15.5,72,79,67,80,72.3,Pass
STU-2647,Male,Bachelor,77.6,16.7,68,67,66,68,68.3,Pass
STU-2648,Male,Bachelor,81.3,17.4,63,64,59,65,63.4,Pass
STU-2649,Female,Associate,78.2,19.9,63,63,66,60,63.3,Pass
STU-2650,Female,Master,89.0,26.6,87,83,93,86,87.4,Pass
STU-2651,Female,Master,100.0,13.6,70,73,66,72,70.9,Pass
STU-2652,Male,Master,92.8,23.6,75,71,80,78,75.5,Pass
STU-2653,Female,Bachelor,77.6,17.1,51,50,55,45,51.1,Pass
STU-2654,Male,Associate,100.0,13.2,63,66,61,64,63.8,Pass
STU-2655,Female,Bachelor,100.0,26.2,79,87,72,78,79.2,Pass
STU-2656,Male,Master,76.7,18.8,66,64,66,62,66.5,Pass
STU-2657,Male,Doctorate,100.0,8.4,60,54,60,49,60.8,Pass
STU-2658,Female,Associate,87.2,16.0,73,73,75,72,73.4,Pass
STU-2659,Male,Master,83.0,16.9,54,50,52,47,54.1,Pass
STU-2660,Female,Doctorate,82.4,10.5,58,60,70,51,58.2,Pass
STU-2661,Male,Master,75.8,21.1,72,74,78,72,72.3,Pass
STU-2662,Male,High School,65.5,20.4,66,63,74,56,66.1,Pass
STU-2663,Male,Bachelor,92.9,21.6,70,71,72,72,70.6,Pass
STU-2664,Male,High School,64.3,31.3,82,79,87,89,82.5,Pass
STU-2665,Female,Bachelor,79.4,16.6,55,60,57,54,55.4,Pass
STU-2666,Female,Doctorate,100.0,5.0,55,52,60,57,55.6,Pass
STU-2667,Female,Associate,95.3,17.3,71,74,68,70,71.9,Pass
STU-2668,Male,Associate,78.0,22.7,87,94,88,82,87.2,Pass
STU-2669,Female,Bachelor,83.1,7.3,61,60,69,55,61.1,Pass
STU-2670,Male,Associate,85.0,15.1,66,68,70,59,66.7,Pass
STU-2671,Female,Associate,100.0,24.3,84,82,84,80,84.5,Pass
STU-2672,Male,Doctorate,93.5,11.9,75,76,77,75,75.1,Pass
STU-2673,Female,Doctorate,72.2,16.7,53,47,53,57,53.8,Pass
STU-2674,Female,High School,71.4,7.5,35,28,37,34,35.4,Fail
STU-2675,Female,Associate,78.6,19.4,70,76,78,69,70.4,Pass
STU-2676,Female,High School,93.3,21.9,72,75,74,73,72.6,Pass
STU-2677,Female,Doctorate,82.9,20.5,88,85,90,92,88.4,Pass
STU-2678,Male,Doctorate,79.6,23.0,67,63,78,66,67.5,Pass
STU-2679,Male,Master,82.6,14.0,67,62,63,70,67.9,Pass
STU-2680,Female,Doctorate,94.8,20.7,66,67,71,72,66.7,Pass
STU-2681,Male,Associate,68.3,19.3,59,55,53,61,59.5,Pass
STU-2682,Female,Master,66.5,12.2,38,35,43,43,38.5,Fail
STU-2683,Male,High School,85.1,6.9,57,53,54,60,57.4,Pass
STU-2684,Male,Doctorate,85.0,15.9,75,77,80,66,75.9,Pass
STU-2685,Female,Doctorate,81.8,16.1,65,60,67,67,65.0,Pass
STU-2686,Male,Associate,65.1,24.0,76,75,78,70,76.4,Pass
STU-2687,Male,Bachelor,87.2,22.0,74,76,80,68,74.1,Pass
STU-2688,Male,Associate,99.3,19.3,77,70,81,73,77.3,Pass
STU-2689,Male,Master,70.3,13.9,41,48,43,45,41.7,Fail
STU-2690,Female,Master,65.3,11.3,55,47,53,51,55.5,Pass
STU-2691,Male,Bachelor,72.8,17.7,65,74,66,69,65.4,Pass
STU-2692,Male,High School,86.3,21.5,77,72,82,81,77.4,Pass
STU-2693,Female,High School,96.2,22.3,67,69,69,66,67.4,Pass
STU-2694,Female,Bachelor,75.8,27.8,79,80,73,79,79.8,Pass
STU-2695,Male,Master,77.4,7.8,58,60,62,50,58.7,Pass
STU-2696,Male,Master,95.0,22.8,89,84,95,87,89.4,Pass
STU-2697,Male,Doctorate,81.4,16.2,59,56,58,60,59.5,Pass
STU-2698,Male,Doctorate,43.1,14.7,49,47,49,43,49.7,Fail
STU-2699,Female,Doctorate,76.7,32.9,80,79,84,77,80.9,Pass
STU-2700,Female,Bachelor,83.2,15.8,54,56,61,56,54.9,Pass
STU-2701,Male,Doctorate,82.3,24.4,95,94,97,83,95.3,Pass
STU-2702,Female,Master,84.2,18.2,58,60,61,58,58.5,Pass
STU-2703,Male,High School,84.6,19.0,71,61,70,63,71.6,Pass
STU-2704,Male,Bachelor,88.0,21.7,78,77,76,81,78.6,Pass
STU-2705,Female,Bachelor,85.3,17.3,76,70,76,71,76.0,Pass
STU-2706,Female,Associate,65.7,22.0,74,69,73,85,74.5,Pass
STU-2707,Female,Master,100.0,7.5,54,57,61,53,54.8,Pass
STU-2708,Female,High School,90.0,14.2,71,69,80,74,71.4,Pass
STU-2709,Male,Associate,90.0,15.7,51,57,57,55,51.2,Pass
STU-2710,Female,Associate,66.9,8.6,56,57,52,50,56.6,Pass
STU-2711,Male,Master,95.1,18.4,67,63,65,66,67.3,Pass
STU-2712,Female,High School,87.0,15.8,83,88,86,83,83.6,Pass
STU-2713,Female,Doctorate,92.5,18.3,77,80,78,73,77.4,Pass
STU-2714,Female,Doctorate,64.9,21.2,52,52,54,51,52.5,Pass
STU-2715,Female,Associate,84.9,14.4,55,59,62,51,55.9,Pass
STU-2716,Male,Associate,85.3,15.4,72,62,75,77,72.9,Pass
STU-2717,Male,High School,70.5,22.2,72,73,73,67,72.2,Pass
STU-2718,Male,High School,92.6,21.4,73,67,75,73,73.2,Pass
STU-2719,Female,Doctorate,86.9,16.8,62,67,68,61,62.2,Pass
STU-2720,Male,Master,92.9,15.7,68,72,72,69,68.8,Pass
STU-2721,Male,High School,77.9,6.6,55,58,55,57,55.8,Pass
STU-2722,Male,Doctorate,81.3,7.0,64,50,68,59,64.0,Pass
STU-2723,Male,Master,83.8,2.8,56,57,58,57,56.7,Pass
STU-2724,Female,Master,82.6,20.9,56,53,55,47,56.2,Pass
STU-2725,Female,High School,60.5,20.7,54,53,56,50,54.6,Pass
STU-2726,Male,Doctorate,73.0,21.7,72,75,76,70,72.5,Pass
STU-2727,Female,Associate,88.9,3.7,63,54,64,49,63.5,Pass
STU-2728,Male,High School,76.7,28.7,79,77,75,78,79.1,Pass
STU-2729,Female,Bachelor,81.8,17.6,84,91,90,80,84.6,Pass
STU-2730,Male,Master,85.4,15.5,62,50,71,67,62.1,Pass
STU-2731,Male,High School,71.9,13.2,62,65,60,59,62.3,Pass
STU-2732,Male,Master,73.6,11.2,57,55,60,52,57.3,Pass
STU-2733,Male,High School,75.5,16.9,56,50,55,47,56.0,Pass
STU-2734,Female,Bachelor,91.2,20.2,74,73,73,74,74.4,Pass
STU-2735,Male,Doctorate,86.2,30.4,81,84,85,84,81.2,Pass
STU-2736,Female,Doctorate,89.6,21.9,74,71,73,73,74.2,Pass
STU-2737,Female,Master,83.0,15.9,75,70,78,70,75.0,Pass
STU-2738,Female,High School,69.9,18.2,72,80,74,75,72.6,Pass
STU-2739,Female,Bachelor,82.1,19.7,70,64,78,73,70.0,Pass
STU-2740,Female,High School,70.9,17.6,56,55,58,49,56.3,Pass
STU-2741,Female,Master,91.4,18.7,65,67,72,69,65.6,Pass
STU-2742,Female,Master,79.1,19.6,79,83,81,73,79.0,Pass
STU-2743,Female,Associate,87.5,15.8,83,80,82,78,83.0,Pass
STU-2744,Male,Bachelor,91.0,18.5,61,63,60,59,61.0,Pass
STU-2745,Female,Doctorate,69.1,18.2,64,70,65,63,64.3,Pass
STU-2746,Male,Doctorate,75.4,15.1,67,66,66,66,67.7,Pass
STU-2747,Male,Master,89.8,20.8,70,75,74,68,70.0,Pass
STU-2748,Female,High School,75.0,17.0,78,74,84,84,78.4,Pass
STU-2749,Female,Associate,77.8,15.9,80,83,86,81,80.2,Pass
STU-2750,Male,Doctorate,81.4,21.0,63,66,68,63,63.0,Pass
STU-2751,Male,Master,74.4,13.5,57,50,59,47,57.0,Pass
STU-2752,Male,Associate,81.4,28.0,85,77,82,75,85.9,Pass
STU-2753,Female,Doctorate,67.4,13.8,72,70,71,77,72.2,Pass
STU-2754,Male,Bachelor,99.4,17.3,71,83,74,75,71.9,Pass
STU-2755,Female,Associate,89.3,28.3,83,81,84,89,83.3,Pass
STU-2756,Male,Bachelor,75.9,27.3,88,87,90,82,88.2,Pass
STU-2757,Male,High School,99.2,18.8,90,95,93,91,90.8,Pass
STU-2758,Female,Doctorate,67.1,18.5,73,64,80,76,73.0,Pass
STU-2759,Female,Bachelor,100.0,14.9,71,70,70,73,71.4,Pass
STU-2760,Male,Associate,92.2,17.6,61,63,63,64,61.7,Pass
STU-2761,Female,Doctorate,69.1,32.0,69,66,67,72,69.1,Pass
STU-2762,Male,Associate,87.6,20.3,80,77,78,70,80.0,Pass
STU-2763,Female,Bachelor,96.0,16.9,79,77,73,80,79.5,Pass
STU-2764,Male,Doctorate,89.8,9.9,69,68,68,60,69.2,Pass
STU-2765,Female,Master,85.3,20.2,75,77,69,79,75.3,Pass
STU-2766,Male,High School,67.7,17.2,67,65,77,66,67.7,Pass
STU-2767,Male,Associate,84.2,18.2,68,61,68,70,68.0,Pass
STU-2768,Male,Associate,80.4,18.5,48,48,49,43,48.2,Fail
STU-2769,Female,Bachelor,64.1,10.6,43,40,48,43,43.5,Fail
STU-2770,Male,High School,59.2,18.5,61,59,58,55,61.4,Fail
STU-2771,Male,Doctorate,98.4,21.0,96,93,100,103,96.7,Pass
STU-2772,Female,Doctorate,100.0,17.2,67,66,64,67,67.9,Pass
STU-2773,Male,Bachelor,68.5,16.2,45,46,49,50,45.0,Fail
STU-2774,Male,Associate,77.4,17.2,64,65,57,61,64.2,Pass
STU-2775,Female,Doctorate,88.7,20.2,64,55,67,65,64.2,Pass
STU-2776,Female,High School,73.3,14.5,54,49,53,54,54.3,Pass
STU-2777,Male,Master,100.0,9.6,63,62,63,63,63.8,Pass
STU-2778,Male,Master,63.9,13.5,61,73,60,65,61.0,Pass
STU-2779,Male,Doctorate,72.6,2.0,50,45,48,44,50.1,Pass
STU-2780,Female,Bachelor,72.6,5.4,47,52,47,49,47.6,Fail
STU-2781,Male,Associate,76.5,14.9,57,61,65,57,57.1,Pass
STU-2782,Female,Bachelor,58.5,21.8,64,66,60,69,64.5,Fail
STU-2783,Female,Doctorate,60.6,13.5,53,49,53,43,53.8,Pass
STU-2784,Male,High School,87.1,18.2,81,82,85,82,81.7,Pass
STU-2785,Male,High School,66.9,25.1,63,70,60,58,63.2,Pass
STU-2786,Female,Bachelor,83.7,18.0,74,78,79,71,74.3,Pass
STU-2787,Female,Doctorate,97.6,19.7,90,90,92,89,90.7,Pass
STU-2788,Male,Master,86.0,16.8,77,82,83,83,77.8,Pass
STU-2789,Female,Bachelor,65.7,11.0,46,45,51,42,46.8,Fail
STU-2790,Female,Doctorate,71.4,4.4,57,60,60,56,57.4,Pass
STU-2791,Male,Associate,91.4,12.4,81,77,85,80,81.5,Pass
STU-2792,Male,Bachelor,88.2,11.0,76,85,76,75,76.1,Pass
STU-2793,Female,Doctorate,78.1,10.7,55,60,65,51,55.6,Pass
STU-2794,Female,High School,79.8,11.3,67,63,70,68,67.1,Pass
STU-2795,Female,Doctorate,80.2,12.3,68,59,70,68,68.1,Pass
STU-2796,Male,Doctorate,77.3,30.0,74,75,74,73,74.3,Pass
STU-2797,Male,Bachelor,81.7,23.0,78,76,71,69,78.5,Pass
STU-2798,Male,Master,74.7,14.6,51,55,39,57,51.5,Pass
STU-2799,Female,Associate,81.8,10.5,66,65,69,67,66.8,Pass
STU-2800,Male,Doctorate,63.2,19.3,53,49,52,52,53.3,Pass
STU-2801,Female,Doctorate,99.5,18.8,82,82,81,84,82.0,Pass
STU-2802,Female,Doctorate,80.1,12.4,58,51,67,60,58.1,Pass
STU-2803,Female,Associate,93.7,21.2,78,81,79,77,78.9,Pass
STU-2804,Female,Associate,80.3,17.6,69,72,74,66,69.5,Pass
STU-2805,Female,Bachelor,69.9,31.3,84,80,84,81,84.8,Pass
STU-2806,Male,Master,71.9,23.9,56,49,56,56,56.2,Pass
STU-2807,Female,Doctorate,68.3,19.2,70,64,72,70,70.8,Pass
STU-2808,Male,High School,91.9,29.8,91,93,93,96,91.3,Pass
STU-2809,Female,Doctorate,94.3,21.3,72,73,79,78,72.6,Pass
STU-2810,Female,Master,83.5,19.5,61,66,61,68,61.4,Pass
STU-2811,Male,High School,90.5,20.4,68,59,72,66,68.8,Pass
STU-2812,Female,Associate,97.7,8.9,73,76,73,63,73.6,Pass
STU-2813,Female,Bachelor,81.1,25.6,74,78,79,69,74.5,Pass
STU-2814,Male,Doctorate,70.4,17.4,57,49,60,53,57.2,Pass
STU-2815,Female,Bachelor,93.1,25.8,77,80,85,84,77.5,Pass
STU-2816,Male,High School,71.8,25.3,76,77,82,72,76.7,Pass
STU-2817,Male,Bachelor,66.5,23.4,65,72,67,64,65.3,Pass
STU-2818,Female,Doctorate,98.4,19.1,98,105,109,95,98.3,Pass
STU-2819,Male,Doctorate,93.1,14.0,81,85,79,74,81.5,Pass
STU-2820,Male,Doctorate,97.0,11.8,82,68,81,87,82.6,Pass
STU-2821,Male,Master,61.7,15.3,70,66,72,71,70.4,Pass
STU-2822,Female,High School,82.0,19.1,70,62,75,76,70.1,Pass
STU-2823,Male,Doctorate,92.9,13.7,71,71,73,62,71.2,Pass
STU-2824,Male,High School,93.5,22.4,79,78,76,82,79.0,Pass
STU-2825,Female,Bachelor,88.3,17.0,67,66,64,68,67.5,Pass
STU-2826,Female,Bachelor,72.9,12.6,57,68,65,53,57.8,Pass
STU-2827,Male,Bachelor,77.2,13.2,59,54,58,68,59.6,Pass
STU-2828,Male,Bachelor,81.5,13.8,72,72,71,69,72.6,Pass
STU-2829,Female,Doctorate,86.0,17.8,83,84,84,85,83.7,Pass
STU-2830,Female,Bachelor,87.9,20.0,69,64,71,77,69.7,Pass
STU-2831,Female,Bachelor,83.2,14.6,58,63,64,48,58.7,Pass
STU-2832,Male,Associate,63.7,12.6,57,60,53,55,57.2,Pass
STU-2833,Female,Doctorate,80.8,10.6,62,63,63,64,62.0,Pass
STU-2834,Female,Master,93.9,23.4,88,78,93,84,88.5,Pass
STU-2835,Female,High School,100.0,18.1,72,72,71,67,72.6,Pass
STU-2836,Female,Master,79.3,13.2,74,83,81,68,74.3,Pass
STU-2837,Female,Bachelor,76.2,24.2,71,68,80,71,71.3,Pass
STU-2838,Male,Associate,100.0,23.8,72,73,73,78,72.8,Pass
STU-2839,Female,Master,75.6,16.8,55,53,65,54,55.0,Pass
STU-2840,Male,Master,89.5,17.7,74,63,75,78,74.2,Pass
STU-2841,Male,Associate,94.6,25.0,83,93,86,82,83.2,Pass
STU-2842,Male,Master,82.0,15.4,59,64,61,62,59.7,Pass
STU-2843,Male,Associate,84.9,17.1,49,45,54,41,49.1,Fail
STU-2844,Female,Bachelor,83.2,19.5,66,74,67,64,66.1,Pass
STU-2845,Male,Doctorate,74.0,23.5,87,88,86,86,87.3,Pass
STU-2846,Female,Doctorate,70.3,15.7,67,68,67,66,67.4,Pass
STU-2847,Male,High School,100.0,10.8,64,55,72,76,64.6,Pass
STU-2848,Female,Doctorate,84.3,14.3,60,58,64,54,60.5,Pass
STU-2849,Female,Associate,85.9,23.7,82,80,89,71,82.4,Pass
STU-2850,Male,Doctorate,91.6,8.8,71,68,71,68,71.6,Pass
STU-2851,Male,Master,72.2,30.7,75,70,77,69,75.3,Pass
STU-2852,Male,Doctorate,87.1,26.9,80,80,88,86,80.3,Pass
STU-2853,Female,High School,76.9,9.5,54,44,56,57,54.8,Pass
STU-2854,Female,Doctorate,81.5,11.9,53,57,51,55,53.0,Pass
STU-2855,Male,High School,68.2,24.2,72,68,72,76,72.3,Pass
STU-2856,Female,Master,83.7,19.2,69,65,69,75,69.4,Pass
STU-2857,Female,Doctorate,92.8,27.7,98,95,95,91,98.2,Pass
STU-2858,Female,Associate,67.2,16.5,77,76,76,76,77.0,Pass
STU-2859,Male,Master,92.9,19.7,77,75,82,74,77.8,Pass
STU-2860,Female,Doctorate,64.7,14.5,60,58,58,56,60.8,Pass
STU-2861,Male,Bachelor,79.0,20.4,66,69,71,69,66.9,Pass
STU-2862,Female,Doctorate,75.7,16.4,68,65,66,70,68.9,Pass
STU-2863,Female,Master,93.4,4.0,69,72,68,72,69.4,Pass
STU-2864,Female,Doctorate,93.8,22.7,85,88,85,88,85.8,Pass
STU-2865,Male,Bachelor,80.3,14.3,61,62,61,59,61.7,Pass
STU-2866,Female,Master,72.4,22.8,59,59,68,58,59.2,Pass
STU-2867,Male,Bachelor,78.6,14.6,61,65,63,62,61.9,Pass
STU-2868,Male,High School,93.1,13.9,64,61,61,62,64.7,Pass
STU-2869,Male,Master,97.4,23.0,78,75,85,74,78.4,Pass
STU-2870,Male,Bachelor,93.5,25.5,76,72,75,75,76.8,Pass
STU-2871,Male,Bachelor,91.4,22.1,70,71,69,71,70.9,Pass
STU-2872,Male,Associate,95.7,17.1,67,65,69,71,67.6,Pass
STU-2873,Male,Associate,66.8,21.9,74,72,80,73,74.3,Pass
STU-2874,Female,High School,71.2,15.8,64,60,77,64,64.9,Pass
STU-2875,Male,Master,88.9,26.4,91,94,97,83,91.9,Pass
STU-2876,Female,High School,89.5,10.8,68,74,69,68,68.0,Pass
STU-2877,Female,Bachelor,81.2,15.2,61,70,57,61,61.5,Pass
STU-2878,Female,Doctorate,100.0,16.6,69,69,67,72,69.8,Pass
STU-2879,Female,Associate,80.8,26.7,96,105,97,83,96.8,Pass
STU-2880,Male,Master,80.3,18.5,67,68,69,63,67.0,Pass
STU-2881,Female,Doctorate,86.7,19.1,62,58,65,61,62.2,Pass
STU-2882,Female,Bachelor,89.9,12.3,64,61,71,72,64.9,Pass
STU-2883,Female,Doctorate,80.5,16.1,54,51,60,49,54.1,Pass
STU-2884,Female,Doctorate,65.2,11.3,52,59,58,48,52.1,Pass
STU-2885,Female,Bachelor,93.0,22.1,79,82,83,73,79.7,Pass
STU-2886,Male,Bachelor,73.0,23.4,77,81,79,80,77.6,Pass
STU-2887,Male,Doctorate,77.8,28.9,81,71,84,77,81.5,Pass
STU-2888,Female,Associate,81.1,13.6,57,59,57,49,57.2,Pass
STU-2889,Female,Bachelor,74.2,10.7,62,69,62,72,62.0,Pass
STU-2890,Female,High School,80.0,20.0,77,82,79,81,77.6,Pass
STU-2891,Male,Associate,71.7,20.6,71,63,76,67,71.4,Pass
STU-2892,Female,High School,88.7,16.6,65,63,74,62,65.8,Pass
STU-2893,Female,Master,87.6,11.6,75,77,75,64,75.0,Pass
STU-2894,Male,High School,75.9,28.1,82,88,86,81,82.8,Pass
STU-2895,Female,Doctorate,90.2,19.6,73,66,77,66,73.6,Pass
STU-2896,Female,High School,59.1,18.1,51,49,53,45,51.9,Fail
STU-2897,Male,Master,88.8,13.6,63,61,70,63,63.8,Pass
STU-2898,Male,High School,73.6,18.1,75,77,80,82,75.9,Pass
STU-2899,Male,Bachelor,62.5,19.6,63,62,66,55,63.1,Pass
STU-2900,Female,Master,100.0,23.7,88,95,95,88,88.4,Pass
STU-2901,Female,Master,81.7,23.0,67,62,65,60,67.5,Pass
STU-2902,Male,Bachelor,82.5,18.7,71,71,71,71,71.4,Pass
STU-2903,Female,Bachelor,75.5,19.8,66,65,65,66,66.7,Pass
STU-2904,Female,High School,100.0,13.8,74,65,78,78,74.3,Pass
STU-2905,Male,Doctorate,68.2,29.0,88,83,92,87,88.3,Pass
STU-2906,Male,Associate,80.8,21.2,73,79,75,69,73.2,Pass
STU-2907,Female,Master,84.1,19.5,67,69,66,60,67.0,Pass
STU-2908,Male,Bachelor,59.7,24.6,51,60,54,56,51.3,Fail
STU-2909,Male,Associate,82.7,16.5,71,67,70,71,71.7,Pass
STU-2910,Female,Master,87.5,26.7,87,88,83,86,87.9,Pass
STU-2911,Female,Master,72.9,23.2,76,79,72,67,76.7,Pass
STU-2912,Female,Doctorate,66.7,17.8,66,51,69,72,66.8,Pass
STU-2913,Male,Associate,90.5,11.0,58,64,59,53,58.9,Pass
STU-2914,Female,High School,100.0,21.8,100,97,101,95,100.0,Pass
STU-2915,Female,Doctorate,86.9,15.7,64,67,70,67,64.1,Pass
STU-2916,Female,High School,79.2,24.2,82,73,91,80,82.2,Pass
STU-2917,Male,High School,75.7,26.2,68,67,67,69,68.8,Pass
STU-2918,Female,High School,78.5,7.9,51,42,57,44,51.1,Pass
STU-2919,Female,Master,75.2,22.2,75,78,74,82,75.9,Pass
STU-2920,Female,Master,78.1,21.0,87,83,79,88,87.1,Pass
STU-2921,Female,Associate,77.2,22.7,71,67,80,77,71.1,Pass
STU-2922,Female,Master,79.8,20.2,66,57,71,72,66.5,Pass
STU-2923,Female,Doctorate,90.2,21.3,75,78,79,69,75.1,Pass
STU-2924,Male,Master,98.0,18.9,88,88,94,91,88.7,Pass
STU-2925,Male,Doctorate,57.9,23.6,63,61,66,63,63.4,Fail
STU-2926,Male,High School,62.0,12.1,64,58,68,74,64.5,Pass
STU-2927,Male,High School,90.3,19.6,77,76,83,69,77.2,Pass
STU-2928,Male,High School,100.0,27.7,83,86,85,85,83.6,Pass
STU-2929,Male,High School,69.2,31.1,70,73,73,66,70.5,Pass
STU-2930,Female,High School,96.0,22.1,74,69,73,71,74.2,Pass
STU-2931,Female,Associate,65.0,9.6,55,57,53,45,55.1,Pass
STU-2932,Female,Associate,91.4,7.5,59,60,64,60,59.0,Pass
STU-2933,Male,High School,71.7,12.2,65,66,68,56,65.1,Pass
STU-2934,Male,Master,100.0,22.3,72,71,84,72,72.9,Pass
STU-2935,Female,Master,74.9,11.1,42,44,43,49,42.4,Fail
STU-2936,Male,Bachelor,100.0,12.5,65,62,66,54,65.2,Pass
STU-2937,Female,High School,71.6,25.0,67,64,70,65,67.4,Pass
STU-2938,Male,Master,90.7,17.5,62,60,71,66,62.1,Pass
STU-2939,Male,Bachelor,75.2,17.3,69,70,70,68,69.5,Pass
STU-2940,Male,Doctorate,95.0,19.1,78,84,84,81,78.3,Pass
STU-2941,Female,Bachelor,81.1,11.8,65,63,76,58,65.3,Pass
STU-2942,Male,High School,97.4,18.3,71,64,63,73,71.0,Pass
STU-2943,Female,Bachelor,83.0,19.9,71,77,75,70,71.7,Pass
STU-2944,Female,Master,72.9,9.5,47,51,48,37,47.7,Fail
STU-2945,Male,Doctorate,61.8,23.9,60,56,59,59,60.6,Pass
STU-2946,Male,High School,72.0,26.5,75,68,77,84,75.9,Pass
STU-2947,Female,Associate,90.8,23.1,77,78,80,75,77.3,Pass
STU-2948,Male,Doctorate,86.3,16.9,66,59,80,62,66.8,Pass
STU-2949,Female,Doctorate,73.9,22.2,65,63,64,60,65.1,Pass
STU-2950,Male,Master,78.1,22.4,56,62,53,46,56.1,Pass
STU-2951,Female,Bachelor,78.3,22.2,82,79,85,78,82.1,Pass
STU-2952,Female,Bachelor,71.1,28.4,93,91,94,95,93.1,Pass
STU-2953,Male,Bachelor,88.7,18.2,73,74,76,69,73.1,Pass
STU-2954,Female,Master,100.0,18.8,63,49,63,68,63.7,Pass
STU-2955,Female,Doctorate,75.2,16.4,57,54,60,55,57.7,Pass
STU-2956,Male,Bachelor,56.9,26.6,80,82,87,80,80.3,Fail
STU-2957,Male,Bachelor,97.4,14.0,73,75,78,75,73.3,Pass
STU-2958,Male,Doctorate,77.8,28.1,74,70,78,71,74.9,Pass
STU-2959,Male,High School,74.6,6.5,56,62,57,51,56.2,Pass
STU-2960,Female,Bachelor,69.3,18.6,60,62,62,55,60.4,Pass
STU-2961,Male,Bachelor,100.0,21.8,89,80,87,93,89.0,Pass
STU-2962,Male,Bachelor,75.1,26.1,73,71,75,84,73.2,Pass
STU-2963,Female,Associate,70.3,20.0,57,49,65,59,57.4,Pass
STU-2964,Female,High School,72.6,12.7,63,58,72,59,63.7,Pass
STU-2965,Female,Associate,72.3,21.7,82,90,83,78,82.4,Pass
STU-2966,Male,Associate,76.2,15.1,78,80,74,80,78.7,Pass
STU-2967,Female,Associate,94.2,21.4,74,79,80,74,74.1,Pass
STU-2968,Male,Master,72.9,5.0,45,46,49,52,45.6,Fail
STU-2969,Male,Master,97.1,12.7,76,84,82,74,76.9,Pass
STU-2970,Female,High School,72.0,15.9,48,54,48,49,48.2,Fail
STU-2971,Male,High School,89.0,16.1,78,84,74,76,78.1,Pass
STU-2972,Female,Associate,84.8,15.4,56,56,56,52,56.7,Pass
STU-2973,Female,Doctorate,81.5,17.3,67,65,68,72,67.4,Pass
STU-2974,Male,Bachelor,100.0,14.5,80,84,86,77,80.1,Pass
STU-2975,Male,Doctorate,83.7,13.4,62,71,67,58,62.3,Pass
STU-2976,Male,High School,81.5,18.8,71,79,66,65,71.8,Pass
STU-2977,Male,High School,56.9,8.6,57,60,55,65,57.1,Fail
STU-2978,Male,Doctorate,82.8,18.8,57,46,62,42,57.5,Pass
STU-2979,Male,Associate,91.8,15.0,91,96,92,86,91.0,Pass
STU-2980,Female,High School,68.3,14.2,48,48,45,43,48.9,Fail
STU-2981,Male,Master,63.1,24.9,60,57,59,59,60.3,Pass
STU-2982,Male,Associate,82.3,17.8,72,74,77,77,72.8,Pass
STU-2983,Male,High School,92.3,18.9,71,75,79,67,71.0,Pass
STU-2984,Female,Master,98.5,20.5,70,66,71,68,70.3,Pass
STU-2985,Female,Bachelor,77.6,9.9,66,61,70,65,66.2,Pass
STU-2986,Female,Associate,79.5,16.3,62,61,65,59,62.9,Pass
STU-2987,Female,Bachelor,89.1,17.9,56,51,49,58,56.4,Pass
STU-2988,Male,Master,67.3,15.2,35,38,41,37,35.9,Fail
STU-2989,Male,High School,60.7,18.6,54,49,50,49,54.2,Pass
STU-2990,Female,Associate,93.9,19.5,63,60,65,71,63.2,Pass
STU-2991,Male,Associate,73.6,27.3,80,86,80,76,80.8,Pass
STU-2992,Male,High School,73.8,21.0,67,65,66,72,67.6,Pass
STU-2993,Male,Doctorate,71.4,21.9,54,53,59,57,54.8,Pass
STU-2994,Female,Doctorate,91.4,18.2,65,61,68,62,65.9,Pass
STU-2995,Female,Bachelor,98.4,13.8,72,79,79,75,72.7,Pass
STU-2996,Female,Doctorate,79.2,8.2,50,46,52,51,50.0,Pass
STU-2997,Male,Bachelor,93.8,9.6,74,82,76,69,74.3,Pass
STU-2998,Male,Master,80.0,19.9,63,64,63,64,63.9,Pass
STU-2999,Female,Associate,81.3,22.6,81,80,87,80,81.3,Pass
STU-3000,Male,Bachelor,100.0,22.3,77,74,84,76,77.2,Pass
