Date,City,Temperature_C,Humidity_Pct,Rainfall_mm,WindSpeed_kmh,AirPressure_hPa,WeatherCondition,ExtremeEvent
2023-01-01,Kolkata,33.2,35.7,19.6,6.0,1012.5,Rainy,None
2023-01-01,Mumbai,31.0,101.1,8.8,6.2,1007.5,Clear,None
2023-01-01,Bangalore,21.6,30.2,40.1,6.3,1024.3,Rainy,None
2023-01-01,Delhi,28.6,61.6,22.1,26.3,1015.5,Rainy,None
2023-01-01,Bangalore,39.3,53.5,9.1,9.4,1022.3,Sunny,None
2023-01-02,Bangalore,28.9,50.8,0.9,9.5,1012.3,Clear,None
2023-01-02,Delhi,26.2,56.0,0.9,12.3,1010.7,Clear,None
2023-01-02,Bangalore,32.6,58.6,8.1,18.4,1012.9,Clear,None
2023-01-02,Chennai,28.5,32.7,0.8,8.0,1004.6,Clear,None
2023-01-02,Mumbai,23.5,81.6,36.3,26.9,1013.0,Rainy,None
2023-01-03,Chennai,27.2,75.1,4.0,6.8,1019.6,Clear,None
2023-01-03,Chennai,31.0,66.3,5.8,6.1,1008.2,Clear,None
2023-01-03,Mumbai,32.2,69.5,12.7,2.5,1016.2,Rainy,None
2023-01-03,Delhi,32.7,68.2,7.3,4.8,1013.9,Clear,None
2023-01-03,Kolkata,27.5,65.6,7.9,24.5,1009.5,Clear,None
2023-01-04,Mumbai,25.0,54.8,5.5,9.6,1005.0,Clear,None
2023-01-04,Delhi,23.3,80.4,6.3,21.5,1008.4,Clear,None
2023-01-04,Kolkata,29.0,56.8,4.6,6.8,1010.3,Clear,None
2023-01-04,Chennai,18.4,73.9,24.1,9.9,1024.4,Rainy,None
2023-01-04,Mumbai,23.0,42.6,5.2,11.0,1016.4,Clear,None
2023-01-05,Mumbai,39.6,86.4,1.3,13.0,1015.8,Sunny,None
2023-01-05,Kolkata,21.1,76.4,4.5,11.4,1013.5,Clear,None
2023-01-05,Bangalore,31.5,87.1,5.7,7.9,1014.4,Clear,None
2023-01-05,Kolkata,31.3,42.6,9.2,19.9,1007.3,Clear,None
2023-01-05,Bangalore,17.5,80.5,2.6,20.2,1013.6,Clear,None
2023-01-06,Kolkata,29.1,70.2,10.4,9.2,1015.4,Rainy,None
2023-01-06,Mumbai,36.5,59.8,7.2,6.5,1014.7,Sunny,None
2023-01-06,Bangalore,29.1,80.0,0.3,4.8,1010.8,Clear,None
2023-01-06,Delhi,32.3,56.5,19.5,7.8,1014.2,Rainy,None
2023-01-06,Bangalore,29.4,65.8,12.6,11.7,1020.3,Rainy,None
2023-01-07,Bangalore,28.4,38.2,10.0,20.9,1007.7,Clear,None
2023-01-07,Mumbai,20.0,62.1,2.6,14.4,1004.3,Clear,None
2023-01-07,Delhi,28.7,46.7,4.0,15.6,1013.8,Clear,None
2023-01-07,Chennai,24.8,76.5,7.7,9.1,1007.6,Clear,None
2023-01-07,Mumbai,35.6,62.1,16.1,20.9,999.2,Rainy,None
2023-01-08,Delhi,20.0,89.4,0.1,13.1,1012.9,Clear,None
2023-01-08,Chennai,33.7,73.9,14.5,22.4,1018.3,Rainy,None
2023-01-08,Bangalore,38.2,58.3,20.2,31.4,1024.1,Rainy,None
2023-01-08,Chennai,29.9,75.2,8.4,4.3,1013.5,Clear,None
2023-01-08,Mumbai,29.2,55.2,19.8,22.8,1018.0,Rainy,None
2023-01-09,Chennai,29.9,76.0,24.0,10.3,1022.1,Rainy,None
2023-01-09,Bangalore,29.8,59.9,11.1,4.2,1018.2,Rainy,None
2023-01-09,Delhi,19.0,64.1,7.9,6.1,1017.5,Clear,None
2023-01-09,Kolkata,28.4,61.4,36.3,11.6,1014.1,Rainy,None
2023-01-09,Delhi,27.7,72.8,23.2,8.3,1002.5,Rainy,None
2023-01-10,Kolkata,31.1,55.4,5.4,23.0,1016.7,Clear,None
2023-01-10,Mumbai,33.6,24.0,51.6,26.3,1007.2,Rainy,Torrential Downpour
2023-01-10,Chennai,30.6,56.4,6.9,20.6,1010.4,Clear,None
2023-01-10,Delhi,34.0,68.5,4.4,12.7,1014.8,Clear,None
2023-01-10,Kolkata,18.3,39.9,27.0,4.9,1012.6,Rainy,None
2023-01-11,Chennai,31.4,82.7,19.0,10.7,1008.5,Rainy,None
2023-01-11,Kolkata,33.1,61.5,3.3,9.6,1011.6,Clear,None
2023-01-11,Kolkata,26.1,82.5,11.5,7.2,1015.4,Rainy,None
2023-01-11,Kolkata,38.1,65.2,8.2,4.9,1003.2,Sunny,None
2023-01-11,Mumbai,26.7,63.9,2.1,4.2,1017.3,Clear,None
2023-01-12,Kolkata,36.8,84.9,10.6,10.2,1010.7,Rainy,None
2023-01-12,Bangalore,31.9,61.3,2.0,26.6,1015.2,Clear,None
2023-01-12,Mumbai,21.2,49.2,4.4,10.5,1000.4,Clear,None
2023-01-12,Bangalore,35.5,63.1,24.7,13.9,1012.4,Rainy,None
2023-01-12,Mumbai,31.2,70.1,2.5,8.7,1009.0,Clear,None
2023-01-13,Delhi,30.4,47.9,10.0,5.7,1017.6,Clear,None
2023-01-13,Delhi,29.5,94.7,12.6,15.2,1012.6,Rainy,None
2023-01-13,Mumbai,28.0,22.0,14.3,10.0,1019.3,Rainy,None
2023-01-13,Mumbai,19.5,67.3,7.1,13.8,1011.3,Clear,None
2023-01-13,Bangalore,37.8,31.1,11.2,15.8,1012.9,Rainy,None
2023-01-14,Delhi,38.7,37.3,21.2,13.2,1009.2,Rainy,None
2023-01-14,Mumbai,30.7,74.3,13.0,11.7,1019.4,Rainy,None
2023-01-14,Mumbai,28.4,87.1,9.2,6.7,1003.3,Clear,None
2023-01-14,Bangalore,35.2,58.1,9.4,2.6,1010.4,Sunny,None
2023-01-14,Delhi,32.1,62.7,0.5,6.5,1016.3,Clear,None
2023-01-15,Delhi,24.1,87.2,0.4,27.8,1006.1,Clear,None
2023-01-15,Chennai,23.2,70.4,14.1,7.6,1016.1,Rainy,None
2023-01-15,Bangalore,35.6,66.3,4.3,14.1,1007.1,Sunny,None
2023-01-15,Mumbai,24.1,62.1,4.4,12.2,1008.2,Clear,None
2023-01-15,Kolkata,18.3,75.2,2.4,13.5,1017.8,Clear,None
2023-01-16,Bangalore,32.5,44.4,18.1,8.2,1018.4,Rainy,None
2023-01-16,Kolkata,33.5,94.5,9.3,8.1,1023.5,Clear,None
2023-01-16,Kolkata,33.7,80.0,7.5,7.6,1007.2,Clear,None
2023-01-16,Kolkata,23.8,61.7,14.8,26.4,1018.0,Rainy,None
2023-01-16,Kolkata,30.3,68.9,16.3,8.0,1002.0,Rainy,None
2023-01-17,Delhi,29.8,76.8,0.7,8.9,1017.9,Clear,None
2023-01-17,Chennai,28.9,43.3,1.0,13.6,1012.6,Clear,None
2023-01-17,Delhi,22.4,80.5,4.6,4.3,1023.3,Clear,None
2023-01-17,Kolkata,25.8,81.1,5.0,7.8,1008.9,Clear,None
2023-01-17,Delhi,29.4,44.7,3.1,6.3,1015.2,Clear,None
2023-01-18,Chennai,25.8,79.1,0.3,8.3,1011.2,Clear,None
2023-01-18,Mumbai,30.6,73.1,26.5,16.3,1011.8,Rainy,None
2023-01-18,Mumbai,22.1,53.0,8.8,12.5,1011.1,Clear,None
2023-01-18,Bangalore,25.3,79.1,9.0,15.4,1011.0,Clear,None
2023-01-18,Mumbai,24.7,63.0,15.0,10.8,1019.0,Rainy,None
2023-01-19,Delhi,23.8,61.3,0.1,8.5,1012.9,Clear,None
2023-01-19,Bangalore,23.5,56.9,28.7,8.9,1006.0,Rainy,None
2023-01-19,Delhi,28.9,59.1,1.6,12.1,1017.9,Clear,None
2023-01-19,Delhi,34.9,78.5,0.8,8.8,1000.5,Clear,None
2023-01-19,Chennai,40.6,68.9,5.6,8.8,1015.9,Sunny,Heatwave
2023-01-20,Mumbai,25.7,66.5,0.2,19.7,1014.0,Clear,None
2023-01-20,Mumbai,18.7,52.8,5.8,17.6,1016.0,Clear,None
2023-01-20,Chennai,34.6,39.6,23.7,8.2,1014.9,Rainy,None
2023-01-20,Kolkata,28.2,70.8,0.5,9.9,1006.2,Clear,None
2023-01-20,Chennai,15.8,58.5,0.1,19.9,1012.4,Clear,None
2023-01-21,Mumbai,29.9,58.2,11.9,12.3,1020.5,Rainy,None
2023-01-21,Chennai,30.5,56.2,2.0,10.6,1012.6,Clear,None
2023-01-21,Mumbai,23.7,7.2,10.3,19.3,999.4,Rainy,None
2023-01-21,Chennai,28.2,73.2,6.0,16.6,1026.9,Clear,None
2023-01-21,Chennai,28.4,106.1,1.4,8.0,1013.3,Clear,None
2023-01-22,Bangalore,31.9,67.2,40.6,7.1,1001.5,Rainy,None
2023-01-22,Delhi,37.6,51.1,1.0,17.6,1009.0,Sunny,None
2023-01-22,Bangalore,29.2,66.8,26.2,7.2,1015.5,Rainy,None
2023-01-22,Kolkata,21.3,38.5,6.5,7.8,1018.7,Clear,None
2023-01-22,Delhi,24.0,50.4,18.4,4.4,1013.6,Rainy,None
2023-01-23,Mumbai,36.4,61.2,14.2,3.7,1009.8,Rainy,None
2023-01-23,Chennai,28.1,63.0,4.9,7.3,1007.1,Clear,None
2023-01-23,Kolkata,33.7,66.3,6.8,23.6,1015.9,Clear,None
2023-01-23,Delhi,22.8,52.2,6.5,12.3,1017.6,Clear,None
2023-01-23,Bangalore,25.5,42.2,4.6,11.9,1005.3,Clear,None
2023-01-24,Kolkata,24.4,80.3,2.5,12.2,1017.8,Clear,None
2023-01-24,Bangalore,28.9,47.4,7.3,7.3,1009.0,Clear,None
2023-01-24,Chennai,30.1,81.9,35.1,14.6,1016.8,Rainy,None
2023-01-24,Mumbai,29.0,33.0,11.9,8.5,997.8,Rainy,None
2023-01-24,Kolkata,28.5,78.4,32.8,7.6,1014.0,Rainy,None
2023-01-25,Chennai,30.7,78.5,1.9,4.5,1022.1,Clear,None
2023-01-25,Bangalore,34.9,87.2,12.7,6.2,1014.0,Rainy,None
2023-01-25,Kolkata,40.3,93.5,2.9,6.7,1023.6,Sunny,Heatwave
2023-01-25,Mumbai,24.8,60.5,37.8,9.6,1015.3,Rainy,None
2023-01-25,Bangalore,32.7,90.8,25.7,4.2,1006.3,Rainy,None
2023-01-26,Chennai,19.0,56.5,15.5,14.6,1015.2,Rainy,None
2023-01-26,Mumbai,13.9,82.7,5.3,17.8,1001.4,Clear,None
2023-01-26,Chennai,27.7,74.8,4.1,10.6,1018.6,Clear,None
2023-01-26,Kolkata,24.7,64.6,7.7,23.1,1013.1,Clear,None
2023-01-26,Chennai,27.6,73.5,0.6,25.2,1014.2,Clear,None
2023-01-27,Bangalore,27.0,40.9,4.6,8.8,1006.8,Clear,None
2023-01-27,Chennai,34.1,50.4,2.5,3.1,1020.7,Clear,None
2023-01-27,Mumbai,27.9,56.5,6.6,8.5,1003.3,Clear,None
2023-01-27,Kolkata,32.8,74.2,13.3,15.5,1010.7,Rainy,None
2023-01-27,Chennai,26.0,75.9,3.1,1.8,1018.0,Clear,None
2023-01-28,Chennai,29.1,77.4,2.2,3.7,1016.1,Clear,None
2023-01-28,Bangalore,42.6,49.6,10.4,5.8,1004.6,Rainy,Heatwave
2023-01-28,Delhi,29.5,70.1,4.5,5.4,1016.1,Clear,None
2023-01-28,Delhi,25.6,69.4,4.5,16.9,1029.7,Clear,None
2023-01-28,Kolkata,30.9,60.0,3.9,2.1,1013.7,Clear,None
2023-01-29,Delhi,24.4,43.2,3.1,11.3,1015.1,Clear,None
2023-01-29,Chennai,36.1,55.1,20.4,6.2,1008.0,Rainy,None
2023-01-29,Kolkata,31.1,82.3,0.2,12.1,1014.2,Clear,None
2023-01-29,Mumbai,21.5,63.2,15.5,19.3,1005.6,Rainy,None
2023-01-29,Bangalore,32.9,84.9,18.8,6.4,1012.2,Rainy,None
2023-01-30,Chennai,22.2,48.0,10.0,1.1,1008.8,Clear,None
2023-01-30,Kolkata,27.5,52.7,33.6,16.2,1016.3,Rainy,None
2023-01-30,Bangalore,33.7,74.6,6.6,11.7,1021.6,Clear,None
2023-01-30,Bangalore,33.6,56.9,16.0,5.9,1014.9,Rainy,None
2023-01-30,Bangalore,29.1,65.5,1.0,6.2,1019.5,Clear,None
2023-01-31,Kolkata,32.3,77.4,7.1,5.4,1015.8,Clear,None
2023-01-31,Bangalore,32.8,79.4,23.2,4.0,1019.0,Rainy,None
2023-01-31,Bangalore,23.2,73.3,5.9,15.6,1006.4,Clear,None
2023-01-31,Kolkata,31.5,42.6,9.9,6.9,1023.5,Clear,None
2023-01-31,Delhi,27.1,59.8,4.8,13.5,1013.0,Clear,None
2023-02-01,Delhi,22.7,63.0,12.2,13.3,1015.0,Rainy,None
2023-02-01,Chennai,24.3,38.9,8.8,4.7,1010.5,Clear,None
2023-02-01,Bangalore,28.5,83.8,5.9,8.6,1007.0,Clear,None
2023-02-01,Mumbai,32.8,46.7,13.7,18.3,1011.0,Rainy,None
2023-02-01,Chennai,25.2,44.6,0.3,25.8,1016.6,Clear,None
2023-02-02,Delhi,30.7,78.2,0.0,9.4,1013.7,Clear,None
2023-02-02,Bangalore,27.5,74.9,14.8,7.4,1016.7,Rainy,None
2023-02-02,Bangalore,34.7,83.6,3.5,1.9,1016.5,Clear,None
2023-02-02,Kolkata,28.6,64.7,8.0,17.6,1021.2,Clear,None
2023-02-02,Kolkata,30.2,57.7,8.9,13.4,1004.8,Clear,None
2023-02-03,Chennai,34.5,62.6,11.0,12.1,1010.5,Rainy,None
2023-02-03,Bangalore,27.0,69.1,2.9,7.3,1017.4,Clear,None
2023-02-03,Kolkata,30.9,62.5,7.1,5.3,1007.5,Clear,None
2023-02-03,Bangalore,27.2,97.3,3.9,13.7,1006.4,Clear,None
2023-02-03,Kolkata,25.1,63.2,2.2,9.1,1000.5,Clear,None
2023-02-04,Mumbai,23.3,88.4,2.7,17.1,1001.6,Clear,None
2023-02-04,Mumbai,36.5,66.8,3.3,22.8,1012.5,Sunny,None
2023-02-04,Bangalore,26.7,47.9,26.0,20.8,1014.9,Rainy,None
2023-02-04,Delhi,20.1,52.6,10.5,9.2,1010.0,Rainy,None
2023-02-04,Bangalore,27.3,38.5,5.4,23.0,1005.2,Clear,None
2023-02-05,Delhi,29.7,54.8,30.3,6.1,1009.1,Rainy,None
2023-02-05,Bangalore,26.2,67.6,7.1,9.2,1005.1,Clear,None
2023-02-05,Mumbai,21.0,65.5,4.0,2.0,1015.9,Clear,None
2023-02-05,Delhi,37.0,47.8,4.7,15.2,1002.3,Sunny,None
2023-02-05,Mumbai,37.9,70.3,3.1,24.4,1008.4,Sunny,None
2023-02-06,Bangalore,26.4,77.1,18.3,9.5,1009.3,Rainy,None
2023-02-06,Chennai,29.0,58.3,0.3,11.7,1003.2,Clear,None
2023-02-06,Bangalore,31.9,78.5,30.4,16.3,1007.1,Rainy,None
2023-02-06,Chennai,32.2,93.3,3.9,3.8,1016.5,Clear,None
2023-02-06,Kolkata,31.1,43.5,5.8,38.8,1011.0,Clear,None
2023-02-07,Chennai,36.7,75.1,2.6,18.2,1019.7,Sunny,None
2023-02-07,Bangalore,14.2,58.9,12.3,3.1,1011.7,Rainy,None
2023-02-07,Bangalore,25.4,35.1,16.6,15.3,1016.8,Rainy,None
2023-02-07,Kolkata,30.2,65.1,1.2,12.1,1006.2,Clear,None
2023-02-07,Mumbai,11.2,67.0,3.6,12.6,1031.0,Clear,None
2023-02-08,Chennai,24.0,87.0,20.3,10.2,1010.5,Rainy,None
2023-02-08,Delhi,34.7,90.7,0.1,9.0,1004.3,Clear,None
2023-02-08,Mumbai,33.2,62.9,23.2,7.7,1012.1,Rainy,None
2023-02-08,Kolkata,14.3,65.0,40.0,11.2,998.0,Rainy,None
2023-02-08,Bangalore,32.2,99.1,1.9,16.4,1008.5,Clear,None
2023-02-09,Chennai,39.3,54.2,24.3,9.9,1008.5,Rainy,None
2023-02-09,Kolkata,24.4,65.3,1.8,11.5,1008.7,Clear,None
2023-02-09,Kolkata,24.1,58.7,7.4,31.1,1013.9,Clear,None
2023-02-09,Bangalore,27.4,84.8,20.3,14.4,1019.0,Rainy,None
2023-02-09,Chennai,18.4,51.6,19.2,11.5,1007.3,Rainy,None
2023-02-10,Kolkata,20.8,70.6,3.2,9.4,1015.0,Clear,None
2023-02-10,Kolkata,25.1,40.2,7.0,20.8,1010.3,Clear,None
2023-02-10,Kolkata,34.6,79.5,2.8,19.6,1017.0,Clear,None
2023-02-10,Bangalore,31.4,64.5,10.2,30.7,1009.6,Rainy,None
2023-02-10,Mumbai,30.3,82.7,2.8,8.3,1020.6,Clear,None
2023-02-11,Kolkata,20.9,46.2,15.9,4.2,1004.9,Rainy,None
2023-02-11,Mumbai,20.2,45.6,3.1,15.7,1016.1,Clear,None
2023-02-11,Mumbai,24.0,81.1,7.7,20.3,1018.5,Clear,None
2023-02-11,Chennai,21.0,77.2,23.9,10.8,1015.9,Rainy,None
2023-02-11,Mumbai,40.8,75.7,4.3,6.3,1014.9,Sunny,Heatwave
2023-02-12,Delhi,20.9,61.3,6.0,10.8,1022.7,Clear,None
2023-02-12,Chennai,25.3,78.5,9.2,7.9,1015.6,Clear,None
2023-02-12,Chennai,30.2,57.1,3.1,16.0,1021.3,Clear,None
2023-02-12,Chennai,29.5,47.6,9.2,2.1,1015.5,Clear,None
2023-02-12,Mumbai,26.5,62.6,21.6,6.9,1014.1,Rainy,None
2023-02-13,Bangalore,35.9,71.4,21.0,10.6,1014.6,Rainy,None
2023-02-13,Kolkata,25.4,63.6,1.0,26.2,1005.8,Clear,None
2023-02-13,Chennai,21.2,61.7,52.0,5.4,1010.6,Rainy,Torrential Downpour
2023-02-13,Kolkata,32.9,58.5,5.1,6.0,1009.1,Clear,None
2023-02-13,Kolkata,32.8,63.8,2.4,21.0,1014.9,Clear,None
2023-02-14,Chennai,21.0,79.5,77.1,34.4,1012.0,Rainy,Torrential Downpour
2023-02-14,Kolkata,23.2,63.7,21.7,11.0,1014.4,Rainy,None
2023-02-14,Kolkata,25.7,56.6,40.7,9.9,1015.9,Rainy,None
2023-02-14,Chennai,19.8,45.9,6.2,11.7,1019.4,Clear,None
2023-02-14,Bangalore,25.7,60.6,31.9,11.6,1023.4,Rainy,None
2023-02-15,Mumbai,19.8,91.9,3.5,26.6,1013.2,Clear,None
2023-02-15,Kolkata,15.2,71.6,21.6,15.4,1017.5,Rainy,None
2023-02-15,Kolkata,35.2,46.9,30.0,2.8,1011.4,Rainy,None
2023-02-15,Kolkata,31.6,56.3,4.3,17.2,1016.4,Clear,None
2023-02-15,Delhi,28.2,74.5,6.9,15.2,1005.9,Clear,None
2023-02-16,Chennai,23.1,58.7,6.5,18.6,1012.5,Clear,None
2023-02-16,Bangalore,31.2,107.8,7.8,3.7,1012.6,Clear,None
2023-02-16,Bangalore,27.1,88.1,10.4,6.3,1011.2,Rainy,None
2023-02-16,Mumbai,24.0,62.3,9.7,11.8,1017.3,Clear,None
2023-02-16,Bangalore,28.2,46.6,11.9,11.0,1002.9,Rainy,None
2023-02-17,Chennai,33.7,51.3,3.0,4.3,1013.5,Clear,None
2023-02-17,Mumbai,33.3,66.1,1.1,19.2,1015.4,Clear,None
2023-02-17,Chennai,35.7,58.2,3.5,8.9,1016.9,Sunny,None
2023-02-17,Chennai,21.3,88.3,9.2,4.1,1018.3,Clear,None
2023-02-17,Kolkata,24.5,74.1,7.1,17.8,1008.6,Clear,None
2023-02-18,Mumbai,15.3,84.3,35.9,21.9,1006.0,Rainy,None
2023-02-18,Mumbai,25.8,74.5,6.2,2.6,1011.6,Clear,None
2023-02-18,Mumbai,29.4,71.0,5.8,11.9,997.5,Clear,None
2023-02-18,Mumbai,34.0,54.4,37.7,8.9,1029.4,Rainy,None
2023-02-18,Kolkata,31.5,61.0,12.5,4.5,1016.2,Rainy,None
2023-02-19,Delhi,28.1,44.2,4.7,7.6,1016.0,Clear,None
2023-02-19,Mumbai,17.2,88.3,17.0,17.9,1021.2,Rainy,None
2023-02-19,Kolkata,24.6,62.9,2.8,5.2,1016.9,Clear,None
2023-02-19,Mumbai,15.9,47.2,0.9,8.7,1012.3,Clear,None
2023-02-19,Mumbai,28.5,60.5,4.9,11.1,1012.0,Clear,None
2023-02-20,Mumbai,21.7,82.2,15.0,25.9,1022.1,Rainy,None
2023-02-20,Kolkata,32.7,78.7,33.0,18.1,1001.8,Rainy,None
2023-02-20,Bangalore,37.0,45.7,12.6,10.6,1015.6,Rainy,None
2023-02-20,Chennai,23.8,105.6,5.3,22.5,1020.1,Clear,None
2023-02-20,Bangalore,30.3,64.3,50.0,9.0,1013.6,Rainy,None
2023-02-21,Bangalore,20.0,76.1,11.0,22.1,1012.6,Rainy,None
2023-02-21,Bangalore,29.3,70.6,14.6,14.8,1013.8,Rainy,None
2023-02-21,Mumbai,31.1,65.9,11.6,10.3,1009.1,Rainy,None
2023-02-21,Mumbai,29.0,73.0,2.0,16.6,1015.4,Clear,None
2023-02-21,Chennai,22.5,61.0,4.7,23.1,1005.1,Clear,None
2023-02-22,Chennai,19.7,64.8,14.5,2.0,1013.7,Rainy,None
2023-02-22,Mumbai,20.7,82.4,1.5,21.3,1008.9,Clear,None
2023-02-22,Delhi,29.0,69.0,22.6,21.5,1008.7,Rainy,None
2023-02-22,Chennai,28.3,69.0,3.0,32.6,1011.6,Clear,None
2023-02-22,Delhi,15.8,49.9,7.8,7.2,1004.9,Clear,None
2023-02-23,Delhi,32.0,66.7,3.0,10.4,1020.8,Clear,None
2023-02-23,Mumbai,21.5,83.2,8.7,2.6,1004.8,Clear,None
2023-02-23,Kolkata,28.8,60.9,1.5,6.7,1004.6,Clear,None
2023-02-23,Delhi,27.7,61.0,5.9,21.1,1015.3,Clear,None
2023-02-23,Mumbai,26.1,77.7,3.3,2.7,1009.6,Clear,None
2023-02-24,Bangalore,20.0,53.0,5.9,5.1,1009.6,Clear,None
2023-02-24,Bangalore,28.0,76.1,4.3,5.5,1017.3,Clear,None
2023-02-24,Chennai,20.6,68.8,50.0,5.6,1004.5,Rainy,None
2023-02-24,Chennai,25.6,87.8,7.0,15.0,1000.5,Clear,None
2023-02-24,Kolkata,25.0,75.7,6.6,8.1,1014.2,Clear,None
2023-02-25,Mumbai,39.3,55.8,6.1,21.5,1009.4,Sunny,None
2023-02-25,Chennai,31.4,80.9,6.3,12.7,1018.8,Clear,None
2023-02-25,Bangalore,30.3,51.3,11.5,10.7,1015.8,Rainy,None
2023-02-25,Delhi,33.0,84.2,14.1,9.0,1003.5,Rainy,None
2023-02-25,Kolkata,20.9,67.0,17.0,0.8,1020.1,Rainy,None
2023-02-26,Bangalore,17.3,78.9,1.4,9.1,1008.6,Clear,None
2023-02-26,Kolkata,16.4,57.9,6.6,7.9,1000.6,Clear,None
2023-02-26,Bangalore,28.3,69.8,5.8,7.6,1016.6,Clear,None
2023-02-26,Delhi,22.8,44.9,1.0,12.6,1013.0,Clear,None
2023-02-26,Bangalore,25.8,35.2,9.3,13.8,1015.2,Clear,None
2023-02-27,Delhi,29.0,41.8,0.5,6.0,1013.7,Clear,None
2023-02-27,Bangalore,33.1,75.2,12.4,24.4,1020.9,Rainy,None
2023-02-27,Delhi,30.2,28.1,9.9,13.8,1005.3,Clear,None
2023-02-27,Kolkata,23.6,58.2,6.7,9.1,1010.5,Clear,None
2023-02-27,Bangalore,36.5,58.3,32.6,15.3,1012.6,Rainy,None
2023-02-28,Mumbai,36.1,89.1,28.6,16.8,1004.4,Rainy,None
2023-02-28,Mumbai,38.5,73.4,1.5,5.0,1011.4,Sunny,None
2023-02-28,Mumbai,31.8,69.5,11.8,7.6,1012.4,Rainy,None
2023-02-28,Delhi,39.1,53.8,8.8,12.9,1007.0,Sunny,None
2023-02-28,Chennai,23.6,53.8,24.6,3.2,1013.6,Rainy,None
2023-03-01,Bangalore,30.5,74.8,30.7,4.5,1004.8,Rainy,None
2023-03-01,Kolkata,24.9,79.6,7.8,6.3,1023.1,Clear,None
2023-03-01,Bangalore,25.7,29.9,1.0,14.1,1006.2,Clear,None
2023-03-01,Delhi,37.2,68.0,34.1,9.2,1014.6,Rainy,None
2023-03-01,Mumbai,22.0,41.8,13.4,5.0,1019.4,Rainy,None
2023-03-02,Delhi,19.8,66.1,4.0,8.4,1021.0,Clear,None
2023-03-02,Mumbai,22.6,53.4,1.7,8.0,1015.9,Clear,None
2023-03-02,Bangalore,18.6,84.1,9.4,5.5,1012.0,Clear,None
2023-03-02,Mumbai,31.8,77.2,4.1,10.7,1016.1,Clear,None
2023-03-02,Chennai,33.9,70.4,23.8,22.6,1011.1,Rainy,None
2023-03-03,Mumbai,28.9,60.2,0.3,22.6,1025.0,Clear,None
2023-03-03,Bangalore,24.7,69.9,28.8,14.1,1023.3,Rainy,None
2023-03-03,Kolkata,21.0,63.1,19.8,19.2,1023.5,Rainy,None
2023-03-03,Chennai,28.1,53.7,47.7,16.9,1018.8,Rainy,None
2023-03-03,Chennai,23.5,90.2,2.0,8.8,1016.9,Clear,None
2023-03-04,Chennai,17.4,85.8,11.6,20.6,1015.8,Rainy,None
2023-03-04,Bangalore,23.2,64.3,6.5,3.5,1009.5,Clear,None
2023-03-04,Kolkata,21.2,79.5,4.8,6.6,1005.5,Clear,None
2023-03-04,Kolkata,29.6,78.5,15.5,3.6,1014.7,Rainy,None
2023-03-04,Delhi,33.4,68.8,3.4,10.3,1009.1,Clear,None
2023-03-05,Delhi,31.4,45.6,25.1,8.2,1010.7,Rainy,None
2023-03-05,Mumbai,31.1,72.0,18.6,5.0,1025.2,Rainy,None
2023-03-05,Delhi,28.2,58.6,7.8,13.8,1003.4,Clear,None
2023-03-05,Chennai,27.2,69.9,2.2,16.1,1010.4,Clear,None
2023-03-05,Bangalore,30.2,90.1,6.5,19.3,1023.2,Clear,None
2023-03-06,Delhi,23.0,67.2,1.9,9.9,1007.2,Clear,None
2023-03-06,Delhi,26.6,39.8,12.9,14.4,1010.1,Rainy,None
2023-03-06,Mumbai,36.5,46.5,8.7,9.1,1016.8,Sunny,None
2023-03-06,Chennai,22.4,86.7,16.6,15.3,1005.0,Rainy,None
2023-03-06,Chennai,32.1,64.2,4.5,8.8,1018.4,Clear,None
2023-03-07,Kolkata,37.3,65.4,7.7,16.2,1011.8,Sunny,None
2023-03-07,Mumbai,21.1,92.4,30.0,5.8,1004.6,Rainy,None
2023-03-07,Chennai,25.6,47.0,7.6,13.6,1010.9,Clear,None
2023-03-07,Kolkata,27.4,60.9,15.8,9.3,1021.1,Rainy,None
2023-03-07,Mumbai,22.3,90.1,8.3,9.3,1019.1,Clear,None
2023-03-08,Delhi,22.6,50.0,39.9,13.9,1016.6,Rainy,None
2023-03-08,Chennai,21.1,87.2,18.1,3.9,1024.9,Rainy,None
2023-03-08,Bangalore,33.3,76.8,2.2,7.5,1014.9,Clear,None
2023-03-08,Kolkata,27.3,61.2,17.8,9.8,1018.5,Rainy,None
2023-03-08,Kolkata,28.7,50.7,11.0,2.6,1023.4,Rainy,None
2023-03-09,Delhi,19.4,60.9,5.3,12.3,1007.8,Clear,None
2023-03-09,Kolkata,29.5,48.3,3.5,12.3,1011.2,Clear,None
2023-03-09,Delhi,19.9,73.9,5.8,13.9,1011.5,Clear,None
2023-03-09,Delhi,20.2,67.4,10.5,7.3,1000.9,Rainy,None
2023-03-09,Delhi,26.0,56.9,22.8,27.4,1006.2,Rainy,None
2023-03-10,Chennai,33.9,77.9,0.6,10.8,1010.1,Clear,None
2023-03-10,Mumbai,34.4,73.8,31.2,6.9,1017.7,Rainy,None
2023-03-10,Delhi,29.7,75.5,30.6,8.1,1010.8,Rainy,None
2023-03-10,Chennai,23.8,39.7,13.1,20.6,1008.3,Rainy,None
2023-03-10,Delhi,35.1,46.3,17.4,14.4,1014.9,Rainy,None
2023-03-11,Delhi,28.9,53.7,20.6,25.3,1017.1,Rainy,None
2023-03-11,Kolkata,29.7,60.5,1.2,3.6,1010.2,Clear,None
2023-03-11,Delhi,26.4,47.1,0.4,9.7,1018.6,Clear,None
2023-03-11,Bangalore,30.1,67.0,6.4,7.0,1019.2,Clear,None
2023-03-11,Chennai,23.8,72.9,3.4,14.5,1003.4,Clear,None
2023-03-12,Bangalore,34.4,54.6,1.0,12.1,1013.1,Clear,None
2023-03-12,Mumbai,32.7,95.1,18.5,18.6,1008.7,Rainy,None
2023-03-12,Chennai,20.4,68.5,30.4,8.5,1014.6,Rainy,None
2023-03-12,Bangalore,29.3,33.5,19.5,23.2,1006.5,Rainy,None
2023-03-12,Mumbai,31.1,87.3,3.2,7.7,1007.9,Clear,None
2023-03-13,Mumbai,24.2,75.3,2.0,9.0,1020.8,Clear,None
2023-03-13,Chennai,32.0,60.6,33.4,17.7,1016.7,Rainy,None
2023-03-13,Chennai,22.1,58.9,19.6,3.0,1006.4,Rainy,None
2023-03-13,Delhi,24.7,48.0,17.2,6.0,1016.3,Rainy,None
2023-03-13,Mumbai,32.7,88.7,5.8,11.6,1009.5,Clear,None
2023-03-14,Chennai,30.5,79.8,0.4,11.7,1007.4,Clear,None
2023-03-14,Bangalore,19.5,73.1,4.6,14.4,1012.7,Clear,None
2023-03-14,Bangalore,30.3,32.3,18.5,11.2,1000.3,Rainy,None
2023-03-14,Kolkata,29.5,70.9,30.9,7.3,1006.3,Rainy,None
2023-03-14,Chennai,32.2,67.6,5.8,9.2,1018.4,Clear,None
2023-03-15,Mumbai,22.0,46.4,0.3,24.8,1005.8,Clear,None
2023-03-15,Bangalore,10.7,56.6,2.9,11.9,1003.2,Clear,None
2023-03-15,Chennai,33.6,77.4,0.5,12.1,1016.9,Clear,None
2023-03-15,Kolkata,23.8,62.4,16.6,14.8,1015.5,Rainy,None
2023-03-15,Bangalore,21.5,80.2,0.9,16.6,999.3,Clear,None
2023-03-16,Delhi,35.3,41.4,8.1,22.2,1013.6,Sunny,None
2023-03-16,Mumbai,40.4,63.4,3.0,5.5,1013.8,Sunny,Heatwave
2023-03-16,Mumbai,28.7,76.6,1.8,16.4,1017.6,Clear,None
2023-03-16,Bangalore,25.9,62.2,1.9,0.8,1017.0,Clear,None
2023-03-16,Mumbai,27.2,83.8,0.7,18.3,1013.0,Clear,None
2023-03-17,Bangalore,28.0,50.0,20.0,9.7,1016.1,Rainy,None
2023-03-17,Kolkata,26.0,82.7,2.1,9.3,996.9,Clear,None
2023-03-17,Delhi,29.6,72.6,4.0,19.9,1015.8,Clear,None
2023-03-17,Mumbai,24.9,76.0,2.8,4.2,1016.2,Clear,None
2023-03-17,Delhi,32.2,40.9,8.1,28.6,998.7,Clear,None
2023-03-18,Chennai,28.7,70.5,25.8,7.0,1013.1,Rainy,None
2023-03-18,Bangalore,17.0,86.1,19.2,17.6,1005.2,Rainy,None
2023-03-18,Mumbai,29.7,59.1,5.6,16.8,1008.4,Clear,None
2023-03-18,Chennai,28.8,88.1,7.0,4.2,1009.9,Clear,None
2023-03-18,Chennai,27.0,102.8,5.6,7.0,1012.7,Clear,None
2023-03-19,Chennai,28.4,53.2,3.9,8.5,1012.2,Clear,None
2023-03-19,Bangalore,29.9,67.9,10.7,2.5,1019.9,Rainy,None
2023-03-19,Kolkata,26.9,49.2,14.4,8.1,1010.9,Rainy,None
2023-03-19,Mumbai,22.5,53.4,4.3,12.1,1006.5,Clear,None
2023-03-19,Chennai,36.7,62.3,2.1,4.3,1019.2,Sunny,None
2023-03-20,Bangalore,42.1,64.9,1.8,8.0,1016.8,Sunny,Heatwave
2023-03-20,Chennai,23.4,67.8,31.9,15.2,1011.1,Rainy,None
2023-03-20,Chennai,18.1,64.6,0.0,12.6,1006.1,Clear,None
2023-03-20,Mumbai,26.6,48.9,18.2,15.8,1018.7,Rainy,None
2023-03-20,Mumbai,31.6,29.9,6.8,5.2,1001.7,Clear,None
2023-03-21,Delhi,31.6,86.9,5.4,13.1,1016.6,Clear,None
2023-03-21,Delhi,34.0,71.3,9.7,8.4,1011.0,Clear,None
2023-03-21,Bangalore,32.5,62.5,1.0,20.9,1009.5,Clear,None
2023-03-21,Mumbai,29.1,53.5,25.2,8.6,1000.6,Rainy,None
2023-03-21,Kolkata,18.1,64.9,3.8,12.7,1007.2,Clear,None
2023-03-22,Chennai,31.4,64.4,33.4,14.8,1017.5,Rainy,None
2023-03-22,Chennai,29.4,74.0,4.5,12.0,1011.6,Clear,None
2023-03-22,Kolkata,26.9,51.6,3.3,11.1,1007.4,Clear,None
2023-03-22,Kolkata,30.7,54.5,0.5,12.6,1020.3,Clear,None
2023-03-22,Kolkata,33.0,64.6,11.5,9.7,1010.2,Rainy,None
2023-03-23,Chennai,22.0,36.8,5.9,14.3,1007.9,Clear,None
2023-03-23,Bangalore,20.6,88.3,1.9,6.5,1009.6,Clear,None
2023-03-23,Kolkata,37.3,47.0,16.0,5.6,1017.9,Rainy,None
2023-03-23,Mumbai,26.3,49.0,0.4,19.4,1009.9,Clear,None
2023-03-23,Bangalore,30.9,80.1,8.5,18.3,1021.0,Clear,None
2023-03-24,Mumbai,25.6,42.2,24.7,12.2,1004.1,Rainy,None
2023-03-24,Chennai,36.5,82.7,28.8,9.2,1018.3,Rainy,None
2023-03-24,Mumbai,22.5,70.5,0.5,3.2,1014.3,Clear,None
2023-03-24,Mumbai,32.9,37.2,0.5,11.4,1021.1,Clear,None
2023-03-24,Delhi,16.3,71.8,9.0,29.9,1010.3,Clear,None
2023-03-25,Bangalore,25.6,80.8,0.5,5.8,1014.2,Clear,None
2023-03-25,Mumbai,27.0,58.1,22.5,7.1,1017.7,Rainy,None
2023-03-25,Delhi,31.4,86.4,49.3,14.4,1007.6,Rainy,None
2023-03-25,Mumbai,37.2,78.9,1.2,10.8,1020.9,Sunny,None
2023-03-25,Chennai,33.6,59.7,4.6,19.4,1006.1,Clear,None
2023-03-26,Kolkata,27.4,63.8,13.0,18.9,1009.6,Rainy,None
2023-03-26,Kolkata,30.1,44.5,0.1,4.3,1009.8,Clear,None
2023-03-26,Chennai,27.4,66.3,0.5,33.2,1019.7,Clear,None
2023-03-26,Kolkata,42.1,74.1,8.7,7.7,1023.5,Sunny,Heatwave
2023-03-26,Delhi,32.6,95.0,5.8,8.6,1010.2,Clear,None
2023-03-27,Mumbai,27.5,56.7,11.0,12.1,997.2,Rainy,None
2023-03-27,Bangalore,35.9,67.3,5.7,16.8,1015.3,Sunny,None
2023-03-27,Delhi,30.3,42.0,10.0,9.5,1006.9,Clear,None
2023-03-27,Kolkata,26.6,69.7,12.4,26.5,1019.7,Rainy,None
2023-03-27,Mumbai,21.2,55.6,11.1,6.5,1022.1,Rainy,None
2023-03-28,Delhi,34.2,85.5,15.3,27.0,1010.2,Rainy,None
2023-03-28,Mumbai,43.0,31.9,0.4,11.3,1016.8,Sunny,Heatwave
2023-03-28,Mumbai,29.3,63.7,11.4,7.4,1013.8,Rainy,None
2023-03-28,Chennai,12.5,81.8,14.1,8.5,1018.3,Rainy,None
2023-03-28,Delhi,42.0,70.4,6.5,7.5,1012.2,Sunny,Heatwave
2023-03-29,Mumbai,39.0,58.1,3.0,13.1,1000.2,Sunny,None
2023-03-29,Chennai,29.4,69.7,2.6,11.9,997.5,Clear,None
2023-03-29,Chennai,34.0,86.8,8.9,18.5,1003.5,Clear,None
2023-03-29,Chennai,23.3,66.0,22.1,3.9,1009.1,Rainy,None
2023-03-29,Bangalore,32.7,49.6,29.1,27.7,1015.0,Rainy,None
2023-03-30,Delhi,38.2,73.2,21.8,11.6,1013.2,Rainy,None
2023-03-30,Delhi,23.8,38.7,14.7,32.6,1011.5,Rainy,None
2023-03-30,Mumbai,26.2,68.4,15.2,25.5,1008.2,Rainy,None
2023-03-30,Chennai,23.8,58.4,1.6,14.3,998.3,Clear,None
2023-03-30,Chennai,29.2,67.7,5.6,9.1,1004.4,Clear,None
2023-03-31,Mumbai,20.6,65.7,0.8,10.0,1007.5,Clear,None
2023-03-31,Bangalore,20.9,57.5,32.8,4.7,1018.5,Rainy,None
2023-03-31,Delhi,40.0,48.9,27.4,7.2,1008.4,Rainy,None
2023-03-31,Delhi,31.3,77.4,12.5,22.5,1020.4,Rainy,None
2023-03-31,Kolkata,20.0,87.8,4.9,10.9,1004.9,Clear,None
2023-04-01,Mumbai,25.1,63.3,14.7,6.0,1018.1,Rainy,None
2023-04-01,Delhi,23.3,51.1,2.5,14.6,1007.2,Clear,None
2023-04-01,Delhi,31.5,51.1,9.5,15.2,1012.1,Clear,None
2023-04-01,Delhi,33.2,72.4,5.8,33.9,1015.2,Clear,None
2023-04-01,Kolkata,33.3,55.9,0.8,8.4,1013.6,Clear,None
2023-04-02,Delhi,16.0,73.1,4.4,14.7,1009.4,Clear,None
2023-04-02,Chennai,29.0,87.1,17.0,11.0,1012.3,Rainy,None
2023-04-02,Chennai,25.3,59.5,21.3,10.4,1022.7,Rainy,None
2023-04-02,Delhi,19.5,58.8,0.1,10.1,1011.8,Clear,None
2023-04-02,Chennai,41.4,63.0,6.4,11.3,1014.5,Sunny,Heatwave
2023-04-03,Delhi,38.8,64.5,42.0,19.1,1007.0,Rainy,None
2023-04-03,Bangalore,30.4,67.3,23.5,16.1,1019.0,Rainy,None
2023-04-03,Bangalore,34.4,29.8,2.5,3.8,1021.4,Clear,None
2023-04-03,Kolkata,30.2,103.8,27.5,10.1,1012.5,Rainy,None
2023-04-03,Delhi,26.0,84.9,10.5,13.4,1009.6,Rainy,None
2023-04-04,Delhi,24.3,63.9,8.5,8.8,1008.8,Clear,None
2023-04-04,Kolkata,22.9,64.7,17.6,8.3,1013.7,Rainy,None
2023-04-04,Delhi,26.4,73.2,22.8,22.1,1009.6,Rainy,None
2023-04-04,Chennai,17.9,72.5,17.6,12.6,1010.6,Rainy,None
2023-04-04,Mumbai,26.3,49.7,40.2,11.1,1020.1,Rainy,None
2023-04-05,Delhi,22.3,71.7,0.3,6.1,1017.5,Clear,None
2023-04-05,Mumbai,36.2,95.4,17.8,9.0,1011.4,Rainy,None
2023-04-05,Kolkata,17.7,82.9,3.4,8.5,1005.4,Clear,None
2023-04-05,Chennai,40.3,57.9,31.8,9.5,1018.6,Rainy,Heatwave
2023-04-05,Kolkata,20.4,65.8,9.7,11.6,1013.8,Clear,None
2023-04-06,Bangalore,30.7,69.1,2.4,7.7,1010.4,Clear,None
2023-04-06,Bangalore,34.0,77.5,0.7,17.9,1007.7,Clear,None
2023-04-06,Delhi,24.3,62.4,16.1,8.5,1009.6,Rainy,None
2023-04-06,Delhi,31.1,37.1,53.1,24.1,1014.5,Rainy,Torrential Downpour
2023-04-06,Chennai,39.2,48.3,8.4,15.3,1006.0,Sunny,None
2023-04-07,Mumbai,29.8,64.1,2.9,15.4,1010.9,Clear,None
2023-04-07,Kolkata,19.9,63.1,8.8,21.5,1014.7,Clear,None
2023-04-07,Chennai,33.2,71.1,8.8,11.1,1010.4,Clear,None
2023-04-07,Mumbai,31.6,68.4,10.0,10.5,1011.4,Clear,None
2023-04-07,Mumbai,19.2,66.3,18.0,4.3,1015.2,Rainy,None
2023-04-08,Mumbai,38.7,68.4,26.5,4.1,1011.3,Rainy,None
2023-04-08,Chennai,38.4,49.5,36.5,5.6,1017.0,Rainy,None
2023-04-08,Delhi,31.6,69.8,4.8,3.3,1006.5,Clear,None
2023-04-08,Delhi,19.6,87.5,18.8,26.0,1003.7,Rainy,None
2023-04-08,Delhi,23.3,75.9,10.8,4.0,1014.1,Rainy,None
2023-04-09,Chennai,25.8,72.1,19.9,15.6,1008.6,Rainy,None
2023-04-09,Kolkata,26.9,72.3,2.3,20.0,995.7,Clear,None
2023-04-09,Kolkata,20.3,56.9,16.3,26.5,1003.7,Rainy,None
2023-04-09,Chennai,30.1,58.7,6.7,17.9,1011.2,Clear,None
2023-04-09,Chennai,33.5,64.3,19.4,20.0,1017.0,Rainy,None
2023-04-10,Mumbai,30.3,48.6,27.3,6.0,1017.4,Rainy,None
2023-04-10,Mumbai,26.3,77.6,2.4,10.9,1015.1,Clear,None
2023-04-10,Kolkata,36.9,28.2,3.7,21.8,1010.6,Sunny,None
2023-04-10,Delhi,27.7,87.2,0.1,20.4,1014.2,Clear,None
2023-04-10,Kolkata,22.0,82.8,1.6,15.3,1008.8,Clear,None
2023-04-11,Bangalore,28.3,51.0,10.7,10.8,1017.5,Rainy,None
2023-04-11,Mumbai,34.3,65.5,14.1,7.1,1010.5,Rainy,None
2023-04-11,Bangalore,31.8,46.0,4.0,11.8,1006.2,Clear,None
2023-04-11,Mumbai,26.5,49.4,1.1,11.7,1004.8,Clear,None
2023-04-11,Bangalore,30.3,43.5,5.6,10.6,1013.5,Clear,None
2023-04-12,Delhi,39.7,80.6,4.2,23.2,1007.1,Sunny,None
2023-04-12,Delhi,38.8,72.7,22.0,20.1,1010.5,Rainy,None
2023-04-12,Kolkata,32.3,41.6,6.7,10.9,1005.6,Clear,None
2023-04-12,Kolkata,26.2,33.3,69.8,2.7,1016.9,Rainy,Torrential Downpour
2023-04-12,Delhi,36.6,41.9,8.1,8.2,1013.9,Sunny,None
2023-04-13,Kolkata,25.6,66.1,39.6,15.9,1006.8,Rainy,None
2023-04-13,Chennai,35.5,75.7,23.6,7.5,1009.7,Rainy,None
2023-04-13,Kolkata,24.2,78.0,3.9,5.4,1007.4,Clear,None
2023-04-13,Delhi,34.3,50.1,38.4,13.8,1010.3,Rainy,None
2023-04-13,Bangalore,25.0,62.0,57.9,8.2,1004.1,Rainy,Torrential Downpour
2023-04-14,Mumbai,29.8,101.3,10.8,19.1,1008.7,Rainy,None
2023-04-14,Delhi,26.2,76.4,2.4,6.6,1003.9,Clear,None
2023-04-14,Mumbai,45.5,58.3,25.5,16.5,1008.5,Rainy,Heatwave
2023-04-14,Kolkata,27.7,64.7,8.6,9.9,1008.2,Clear,None
2023-04-14,Chennai,20.1,77.2,23.6,5.2,1007.3,Rainy,None
2023-04-15,Delhi,38.7,83.1,2.1,12.0,1003.3,Sunny,None
2023-04-15,Bangalore,34.6,55.2,1.2,3.0,1018.1,Clear,None
2023-04-15,Mumbai,29.9,30.6,0.1,15.1,1025.3,Clear,None
2023-04-15,Kolkata,21.7,63.0,2.9,8.9,1015.2,Clear,None
2023-04-15,Chennai,27.4,49.9,8.9,9.7,1013.2,Clear,None
2023-04-16,Kolkata,25.8,32.8,4.1,11.9,1006.9,Clear,None
2023-04-16,Kolkata,24.9,73.0,6.2,12.3,1007.3,Clear,None
2023-04-16,Delhi,29.9,52.8,7.1,9.9,998.7,Clear,None
2023-04-16,Chennai,28.7,69.6,1.3,11.1,1018.0,Clear,None
2023-04-16,Kolkata,28.3,74.7,12.2,5.3,1010.0,Rainy,None
2023-04-17,Delhi,33.5,72.7,4.9,8.1,1013.6,Clear,None
2023-04-17,Bangalore,23.6,41.1,19.5,11.0,1010.4,Rainy,None
2023-04-17,Kolkata,36.3,54.9,6.7,15.1,1003.4,Sunny,None
2023-04-17,Kolkata,27.6,69.4,0.8,15.0,1024.8,Clear,None
2023-04-17,Chennai,33.6,68.2,6.5,10.7,1018.3,Clear,None
2023-04-18,Chennai,29.4,49.9,8.5,6.7,1019.6,Clear,None
2023-04-18,Mumbai,24.1,77.3,0.7,16.7,1015.7,Clear,None
2023-04-18,Chennai,24.4,51.5,11.3,3.8,1012.9,Rainy,None
2023-04-18,Delhi,24.1,53.5,2.6,11.5,1015.2,Clear,None
2023-04-18,Kolkata,8.2,82.4,0.8,10.1,1000.0,Clear,None
2023-04-19,Bangalore,32.0,63.6,0.3,8.0,1014.1,Clear,None
2023-04-19,Bangalore,32.1,64.0,2.4,11.4,1014.8,Clear,None
2023-04-19,Delhi,22.0,74.7,5.0,23.7,1011.6,Clear,None
2023-04-19,Delhi,24.3,62.4,1.2,2.8,1015.2,Clear,None
2023-04-19,Mumbai,17.4,54.2,29.6,12.3,1011.1,Rainy,None
2023-04-20,Mumbai,22.8,77.3,24.5,8.6,1001.7,Rainy,None
2023-04-20,Kolkata,25.2,53.4,10.4,1.9,1011.5,Rainy,None
2023-04-20,Delhi,17.9,63.9,14.1,18.1,1010.9,Rainy,None
2023-04-20,Kolkata,13.9,47.7,11.0,14.0,1017.6,Rainy,None
2023-04-20,Mumbai,27.2,73.0,21.5,26.8,1011.6,Rainy,None
2023-04-21,Chennai,29.7,47.8,2.6,4.7,1016.9,Clear,None
2023-04-21,Delhi,28.6,67.4,1.1,8.4,1003.5,Clear,None
2023-04-21,Chennai,38.6,66.0,14.4,9.0,1020.3,Rainy,None
2023-04-21,Delhi,30.7,43.2,1.9,14.3,1010.3,Clear,None
2023-04-21,Kolkata,20.7,48.1,19.4,17.0,1011.4,Rainy,None
2023-04-22,Chennai,23.4,69.8,6.0,9.2,1020.7,Clear,None
2023-04-22,Mumbai,23.6,78.2,0.7,8.2,1010.2,Clear,None
2023-04-22,Kolkata,27.9,86.6,5.9,23.8,1013.1,Clear,None
2023-04-22,Bangalore,21.6,55.6,6.2,5.8,1015.1,Clear,None
2023-04-22,Chennai,27.3,56.5,19.9,42.2,1014.4,Rainy,None
2023-04-23,Chennai,6.1,57.7,5.5,12.5,1018.5,Clear,None
2023-04-23,Kolkata,30.9,71.9,9.6,13.9,1014.6,Clear,None
2023-04-23,Kolkata,26.2,67.2,10.8,17.5,1010.2,Rainy,None
2023-04-23,Bangalore,26.7,72.5,0.3,9.0,1006.5,Clear,None
2023-04-23,Bangalore,26.2,100.2,2.3,9.1,1011.9,Clear,None
2023-04-24,Kolkata,26.1,82.8,12.1,12.7,1019.6,Rainy,None
2023-04-24,Mumbai,25.1,97.0,12.4,17.9,1012.3,Rainy,None
2023-04-24,Mumbai,20.7,76.5,12.4,16.4,1014.5,Rainy,None
2023-04-24,Delhi,22.5,70.9,1.2,16.7,1007.3,Clear,None
2023-04-24,Bangalore,28.3,57.6,19.7,3.8,1020.2,Rainy,None
2023-04-25,Chennai,30.1,56.4,5.5,11.7,1020.6,Clear,None
2023-04-25,Chennai,26.0,84.7,19.4,10.3,1015.2,Rainy,None
2023-04-25,Mumbai,29.0,93.1,11.6,14.3,1016.0,Rainy,None
2023-04-25,Chennai,33.7,69.8,21.9,11.7,1007.5,Rainy,None
2023-04-25,Mumbai,24.7,67.4,5.7,20.8,1025.2,Clear,None
2023-04-26,Kolkata,31.1,68.6,18.5,14.1,1009.3,Rainy,None
2023-04-26,Mumbai,39.4,102.3,5.5,10.8,1020.6,Sunny,None
2023-04-26,Delhi,30.5,63.7,2.7,7.8,1013.0,Clear,None
2023-04-26,Kolkata,36.1,49.5,4.8,19.2,1015.4,Sunny,None
2023-04-26,Mumbai,23.9,66.8,2.3,12.6,999.3,Clear,None
2023-04-27,Chennai,21.4,86.6,7.9,8.3,1013.0,Clear,None
2023-04-27,Chennai,21.6,62.0,2.8,14.5,1023.1,Clear,None
2023-04-27,Bangalore,29.0,77.7,1.8,9.8,1014.8,Clear,None
2023-04-27,Delhi,24.8,68.5,9.8,9.5,1005.9,Clear,None
2023-04-27,Mumbai,27.3,85.8,8.0,9.5,1019.0,Clear,None
2023-04-28,Delhi,30.6,65.5,15.0,18.4,1015.0,Rainy,None
2023-04-28,Chennai,16.0,79.3,8.5,10.4,1012.3,Clear,None
2023-04-28,Delhi,19.9,89.2,2.1,4.1,1009.4,Clear,None
2023-04-28,Kolkata,27.8,40.4,7.9,3.7,1024.8,Clear,None
2023-04-28,Bangalore,26.9,78.1,24.9,15.3,1001.1,Rainy,None
2023-04-29,Mumbai,40.7,51.1,11.5,4.1,1015.4,Rainy,Heatwave
2023-04-29,Kolkata,31.8,76.2,22.6,3.9,1009.3,Rainy,None
2023-04-29,Chennai,18.7,58.2,15.1,9.3,1015.9,Rainy,None
2023-04-29,Kolkata,36.1,82.6,12.4,10.4,1008.4,Rainy,None
2023-04-29,Mumbai,35.3,55.9,16.4,21.0,999.9,Rainy,None
2023-04-30,Kolkata,23.7,71.6,0.3,3.6,1006.3,Clear,None
2023-04-30,Kolkata,35.7,51.3,2.9,13.7,1003.1,Sunny,None
2023-04-30,Kolkata,32.5,93.5,30.9,8.5,1009.3,Rainy,None
2023-04-30,Bangalore,25.1,70.1,24.5,11.3,1020.3,Rainy,None
2023-04-30,Chennai,33.2,44.5,2.7,8.5,1013.1,Clear,None
2023-05-01,Kolkata,18.3,77.0,1.0,35.5,1018.5,Clear,None
2023-05-01,Chennai,26.4,71.0,1.0,3.9,1006.8,Clear,None
2023-05-01,Mumbai,22.6,47.6,9.5,18.7,1014.5,Clear,None
2023-05-01,Kolkata,32.4,34.5,6.9,13.4,1008.1,Clear,None
2023-05-01,Delhi,39.7,66.0,7.0,4.7,1018.1,Sunny,None
2023-05-02,Bangalore,24.5,80.7,2.2,8.0,1007.5,Clear,None
2023-05-02,Bangalore,16.3,71.6,9.5,2.9,1014.3,Clear,None
2023-05-02,Chennai,31.9,50.2,0.0,13.4,1016.9,Clear,None
2023-05-02,Chennai,29.0,71.3,18.7,18.5,1009.6,Rainy,None
2023-05-02,Delhi,17.6,60.6,3.8,5.5,1024.9,Clear,None
2023-05-03,Kolkata,36.4,68.3,16.7,3.5,1009.4,Rainy,None
2023-05-03,Bangalore,37.5,55.9,2.4,14.0,1022.3,Sunny,None
2023-05-03,Mumbai,32.0,25.5,2.1,4.2,1019.6,Clear,None
2023-05-03,Kolkata,30.0,46.5,9.5,7.2,1010.3,Clear,None
2023-05-03,Chennai,37.7,77.2,7.5,7.2,1012.7,Sunny,None
2023-05-04,Chennai,23.3,58.7,1.1,10.8,1011.8,Clear,None
2023-05-04,Chennai,40.4,81.1,31.9,14.6,1014.3,Rainy,Heatwave
2023-05-04,Mumbai,35.8,92.2,1.7,12.1,1006.1,Sunny,None
2023-05-04,Chennai,18.8,69.8,7.1,8.8,1011.7,Clear,None
2023-05-04,Bangalore,30.9,66.4,1.3,31.8,1018.2,Clear,None
2023-05-05,Bangalore,26.1,80.2,44.2,5.1,1008.7,Rainy,None
2023-05-05,Bangalore,27.4,94.7,13.0,16.4,1000.3,Rainy,None
2023-05-05,Bangalore,30.1,72.6,5.4,13.0,1004.2,Clear,None
2023-05-05,Mumbai,25.4,59.7,17.1,10.6,1007.9,Rainy,None
2023-05-05,Chennai,22.0,32.1,16.2,5.9,1016.1,Rainy,None
2023-05-06,Bangalore,31.2,96.1,11.2,16.9,1014.5,Rainy,None
2023-05-06,Mumbai,30.6,65.4,0.5,7.2,1005.3,Clear,None
2023-05-06,Delhi,25.5,66.7,2.3,6.8,1020.0,Clear,None
2023-05-06,Mumbai,23.4,56.8,4.2,25.1,1010.0,Clear,None
2023-05-06,Delhi,24.1,100.3,4.7,9.6,1014.8,Clear,None
2023-05-07,Mumbai,31.7,64.4,0.0,31.5,1008.3,Clear,None
2023-05-07,Delhi,42.3,68.4,13.4,13.4,1009.4,Rainy,Heatwave
2023-05-07,Mumbai,33.4,58.4,27.5,6.6,1010.4,Rainy,None
2023-05-07,Chennai,19.3,59.7,4.5,14.5,1021.0,Clear,None
2023-05-07,Mumbai,27.6,68.3,10.1,12.0,1013.1,Rainy,None
2023-05-08,Bangalore,29.0,63.1,0.3,7.5,1009.6,Clear,None
2023-05-08,Mumbai,25.9,52.0,1.6,17.4,1006.0,Clear,None
2023-05-08,Kolkata,35.0,52.8,21.1,10.5,1008.0,Rainy,None
2023-05-08,Bangalore,24.1,67.3,13.0,11.7,1021.5,Rainy,None
2023-05-08,Bangalore,20.4,70.3,21.9,17.1,1012.2,Rainy,None
2023-05-09,Bangalore,32.7,77.9,6.3,12.9,1006.0,Clear,None
2023-05-09,Mumbai,18.8,42.1,0.6,4.3,1010.1,Clear,None
2023-05-09,Delhi,26.3,31.2,9.9,7.8,1008.0,Clear,None
2023-05-09,Mumbai,34.4,47.4,7.5,22.5,1002.5,Clear,None
2023-05-09,Kolkata,26.0,57.7,5.3,16.0,1005.4,Clear,None
2023-05-10,Kolkata,28.6,95.6,12.3,8.6,1009.0,Rainy,None
2023-05-10,Kolkata,31.7,57.0,5.4,16.7,1007.9,Clear,None
2023-05-10,Mumbai,22.3,80.3,19.3,20.1,1010.2,Rainy,None
2023-05-10,Mumbai,32.0,37.5,7.3,9.3,1008.6,Clear,None
2023-05-10,Chennai,27.4,81.2,1.7,4.6,1003.2,Clear,None
2023-05-11,Mumbai,27.2,62.3,5.2,6.1,1013.3,Clear,None
2023-05-11,Delhi,26.3,64.2,10.6,8.1,1012.4,Rainy,None
2023-05-11,Mumbai,20.6,57.7,2.6,1.3,1016.7,Clear,None
2023-05-11,Mumbai,24.7,60.5,13.7,16.6,1015.0,Rainy,None
2023-05-11,Bangalore,22.6,76.0,7.5,9.8,1006.4,Clear,None
2023-05-12,Delhi,32.3,76.0,1.3,13.5,1011.4,Clear,None
2023-05-12,Kolkata,29.3,85.3,10.4,16.9,995.3,Rainy,None
2023-05-12,Chennai,26.8,65.5,1.6,9.2,1013.3,Clear,None
2023-05-12,Chennai,39.0,48.3,33.1,21.3,1019.2,Rainy,None
2023-05-12,Kolkata,30.5,85.6,9.8,4.3,1012.3,Clear,None
2023-05-13,Delhi,27.1,63.0,11.4,10.5,999.9,Rainy,None
2023-05-13,Mumbai,30.0,70.7,4.7,2.7,1017.9,Clear,None
2023-05-13,Kolkata,30.3,65.7,12.6,3.4,1010.6,Rainy,None
2023-05-13,Kolkata,28.4,73.4,0.2,1.7,1016.4,Clear,None
2023-05-13,Mumbai,19.4,67.4,13.2,13.9,1012.3,Rainy,None
2023-05-14,Delhi,34.2,46.8,5.9,22.4,1000.2,Clear,None
2023-05-14,Chennai,23.6,33.7,33.7,5.3,1010.2,Rainy,None
2023-05-14,Bangalore,34.8,53.3,20.1,15.5,1018.5,Rainy,None
2023-05-14,Kolkata,32.8,72.8,10.4,4.4,1013.0,Rainy,None
2023-05-14,Mumbai,25.0,51.7,10.2,18.4,1005.7,Rainy,None
2023-05-15,Kolkata,25.4,59.7,9.0,19.5,1010.3,Clear,None
2023-05-15,Chennai,30.8,58.5,5.9,11.5,1025.1,Clear,None
2023-05-15,Mumbai,36.8,90.2,104.8,9.3,1019.9,Rainy,Torrential Downpour
2023-05-15,Kolkata,34.2,45.6,18.4,4.8,1012.6,Rainy,None
2023-05-15,Chennai,36.1,64.1,2.4,17.5,1001.0,Sunny,None
2023-05-16,Bangalore,28.8,63.9,5.2,10.6,1006.0,Clear,None
2023-05-16,Chennai,33.3,81.7,12.0,8.6,1016.1,Rainy,None
2023-05-16,Chennai,29.6,68.6,9.3,3.4,1004.4,Clear,None
2023-05-16,Delhi,26.2,68.0,1.4,14.7,1010.3,Clear,None
2023-05-16,Kolkata,20.6,90.0,18.3,2.0,1011.4,Rainy,None
2023-05-17,Kolkata,28.4,82.2,4.0,14.6,1015.7,Clear,None
2023-05-17,Delhi,33.6,56.6,14.3,4.0,1022.7,Rainy,None
2023-05-17,Chennai,28.9,53.6,21.2,8.5,1020.1,Rainy,None
2023-05-17,Delhi,27.9,72.6,3.4,16.4,1013.4,Clear,None
2023-05-17,Kolkata,19.2,59.6,0.7,11.6,1012.1,Clear,None
2023-05-18,Chennai,18.1,57.8,3.7,5.5,1007.7,Clear,None
2023-05-18,Delhi,26.1,82.9,15.7,10.3,1010.2,Rainy,None
2023-05-18,Chennai,39.0,61.1,1.7,4.9,1006.3,Sunny,None
2023-05-18,Mumbai,20.7,70.3,23.5,28.1,1011.5,Rainy,None
2023-05-18,Kolkata,32.1,64.4,7.6,23.5,1010.6,Clear,None
2023-05-19,Bangalore,24.9,66.3,25.6,30.5,1004.7,Rainy,None
2023-05-19,Bangalore,27.5,56.7,9.1,24.0,1007.3,Clear,None
2023-05-19,Mumbai,34.5,64.2,4.7,28.5,1011.8,Clear,None
2023-05-19,Delhi,36.2,68.0,18.3,37.4,1013.3,Rainy,None
2023-05-19,Mumbai,12.5,52.0,1.7,3.5,1013.8,Clear,None
2023-05-20,Delhi,24.0,77.8,37.7,6.7,1003.4,Rainy,None
2023-05-20,Chennai,19.8,94.5,7.6,19.7,1007.9,Clear,None
2023-05-20,Chennai,28.8,68.6,5.9,10.6,1013.4,Clear,None
2023-05-20,Chennai,26.0,85.3,31.0,3.6,1019.5,Rainy,None
2023-05-20,Chennai,37.5,62.7,0.1,4.5,1013.6,Sunny,None
2023-05-21,Bangalore,16.1,40.0,4.2,10.4,1022.6,Clear,None
2023-05-21,Delhi,19.7,84.4,8.8,16.2,1004.9,Clear,None
2023-05-21,Mumbai,35.7,51.0,6.1,20.2,998.1,Sunny,None
2023-05-21,Kolkata,34.0,92.1,5.8,26.4,1020.3,Clear,None
2023-05-21,Kolkata,22.2,59.7,12.2,20.3,1007.4,Rainy,None
2023-05-22,Delhi,25.1,77.2,2.5,3.6,1009.3,Clear,None
2023-05-22,Mumbai,31.8,59.2,3.6,9.6,1027.5,Clear,None
2023-05-22,Chennai,22.0,62.2,19.3,9.3,1014.3,Rainy,None
2023-05-22,Bangalore,29.0,51.7,0.7,11.7,1007.7,Clear,None
2023-05-22,Bangalore,28.5,90.5,5.8,5.2,1002.9,Clear,None
2023-05-23,Delhi,29.5,71.1,10.7,5.5,1014.0,Rainy,None
2023-05-23,Delhi,29.2,92.2,29.4,11.2,1006.2,Rainy,None
2023-05-23,Mumbai,33.3,82.3,4.2,12.6,1010.6,Clear,None
2023-05-23,Bangalore,29.1,66.2,7.5,3.7,1014.7,Clear,None
2023-05-23,Mumbai,24.0,67.0,10.9,9.8,1019.2,Rainy,None
2023-05-24,Chennai,32.4,57.6,5.4,7.9,1008.4,Clear,None
2023-05-24,Chennai,28.5,68.5,18.5,12.6,1014.4,Rainy,None
2023-05-24,Delhi,20.7,85.2,6.9,15.8,1012.2,Clear,None
2023-05-24,Chennai,32.0,74.5,9.5,5.0,1013.8,Clear,None
2023-05-24,Delhi,27.0,63.5,0.6,16.3,1001.6,Clear,None
2023-05-25,Kolkata,23.1,85.5,13.0,20.6,1011.6,Rainy,None
2023-05-25,Bangalore,32.2,82.9,24.9,19.7,1016.5,Rainy,None
2023-05-25,Delhi,11.5,73.2,2.5,19.5,1011.4,Clear,None
2023-05-25,Mumbai,29.7,67.9,3.0,24.8,1011.9,Clear,None
2023-05-25,Bangalore,18.7,56.6,21.6,10.3,1010.3,Rainy,None
2023-05-26,Bangalore,38.3,61.0,16.8,14.7,1020.3,Rainy,None
2023-05-26,Mumbai,29.5,73.5,22.3,10.8,1017.2,Rainy,None
2023-05-26,Delhi,25.4,44.3,23.6,8.2,1006.1,Rainy,None
2023-05-26,Mumbai,31.4,42.5,3.3,3.8,1006.3,Clear,None
2023-05-26,Kolkata,23.1,38.3,14.5,12.1,1002.7,Rainy,None
2023-05-27,Kolkata,17.0,73.2,0.9,12.1,1011.3,Clear,None
2023-05-27,Chennai,27.2,73.7,1.7,2.6,1010.7,Clear,None
2023-05-27,Chennai,24.7,54.5,1.1,10.6,1017.2,Clear,None
2023-05-27,Mumbai,32.5,55.2,29.5,25.6,1002.6,Rainy,None
2023-05-27,Chennai,21.8,60.1,3.2,8.0,1003.5,Clear,None
2023-05-28,Kolkata,32.1,69.7,1.7,7.2,1004.9,Clear,None
2023-05-28,Kolkata,17.9,71.8,13.8,10.0,1006.8,Rainy,None
2023-05-28,Kolkata,24.8,86.5,5.0,9.9,1010.7,Clear,None
2023-05-28,Mumbai,28.9,54.0,4.0,16.6,1019.3,Clear,None
2023-05-28,Kolkata,20.3,59.0,40.6,4.6,1005.2,Rainy,None
2023-05-29,Mumbai,40.7,80.4,20.4,11.5,1019.1,Rainy,Heatwave
2023-05-29,Bangalore,23.9,68.0,3.9,5.2,1020.2,Clear,None
2023-05-29,Kolkata,31.1,58.9,0.4,8.1,1016.8,Clear,None
2023-05-29,Delhi,26.8,63.3,6.1,11.6,1011.2,Clear,None
2023-05-29,Bangalore,24.9,85.1,30.5,6.0,1011.1,Rainy,None
2023-05-30,Kolkata,19.9,31.7,14.3,11.2,1012.2,Rainy,None
2023-05-30,Mumbai,26.8,57.6,4.1,11.6,1010.4,Clear,None
2023-05-30,Delhi,35.6,58.4,0.9,22.3,1006.4,Sunny,None
2023-05-30,Bangalore,26.3,48.2,11.9,16.7,1019.8,Rainy,None
2023-05-30,Bangalore,27.1,45.0,8.6,22.3,1018.8,Clear,None
2023-05-31,Mumbai,30.4,74.3,9.6,10.2,1011.7,Clear,None
2023-05-31,Kolkata,26.4,76.3,7.4,4.1,1022.0,Clear,None
2023-05-31,Delhi,32.4,59.9,13.9,20.6,1017.9,Rainy,None
2023-05-31,Delhi,34.8,56.0,33.6,3.7,1011.5,Rainy,None
2023-05-31,Bangalore,31.6,92.3,17.5,6.6,1016.2,Rainy,None
2023-06-01,Delhi,18.8,74.4,1.8,5.1,1007.0,Clear,None
2023-06-01,Bangalore,27.6,34.2,4.9,11.6,1015.2,Clear,None
2023-06-01,Mumbai,32.0,47.6,12.0,20.7,1016.9,Rainy,None
2023-06-01,Kolkata,31.5,66.6,19.4,7.1,1015.7,Rainy,None
2023-06-01,Bangalore,24.4,48.3,16.9,4.9,1013.2,Rainy,None
2023-06-02,Kolkata,21.7,62.2,12.7,8.2,1009.8,Rainy,None
2023-06-02,Kolkata,37.3,48.9,16.5,10.7,1015.8,Rainy,None
2023-06-02,Mumbai,23.6,48.1,13.2,17.6,1019.0,Rainy,None
2023-06-02,Kolkata,29.6,66.6,2.1,15.5,999.1,Clear,None
2023-06-02,Chennai,12.7,59.8,43.4,34.9,1015.5,Rainy,None
2023-06-03,Mumbai,22.0,66.6,1.9,6.2,1017.5,Clear,None
2023-06-03,Bangalore,13.1,80.7,28.9,13.3,1028.2,Rainy,None
2023-06-03,Kolkata,20.0,90.4,26.5,18.3,1012.7,Rainy,None
2023-06-03,Kolkata,28.6,66.7,2.2,9.4,1011.2,Clear,None
2023-06-03,Mumbai,30.0,89.5,4.3,7.2,1014.8,Clear,None
2023-06-04,Delhi,31.8,66.8,10.5,15.7,1010.9,Rainy,None
2023-06-04,Bangalore,18.0,75.0,38.1,7.6,1013.5,Rainy,None
2023-06-04,Bangalore,21.1,69.5,4.4,13.0,998.7,Clear,None
2023-06-04,Mumbai,27.6,38.6,2.9,5.7,1008.9,Clear,None
2023-06-04,Chennai,21.7,93.6,16.7,7.3,1005.1,Rainy,None
2023-06-05,Kolkata,24.9,77.7,12.5,12.7,1021.9,Rainy,None
2023-06-05,Delhi,31.6,82.0,6.9,7.4,1007.8,Clear,None
2023-06-05,Chennai,27.5,45.8,11.9,10.4,1020.5,Rainy,None
2023-06-05,Chennai,16.4,56.5,1.2,10.8,1010.5,Clear,None
2023-06-05,Kolkata,28.4,55.1,0.3,5.0,1013.5,Clear,None
2023-06-06,Chennai,18.9,40.4,1.0,10.4,1017.3,Clear,None
2023-06-06,Chennai,25.8,53.4,12.2,7.9,1021.5,Rainy,None
2023-06-06,Bangalore,20.7,92.9,3.2,6.1,1006.8,Clear,None
2023-06-06,Mumbai,21.3,59.4,10.9,10.5,1009.0,Rainy,None
2023-06-06,Mumbai,32.2,41.1,7.0,17.7,1004.6,Clear,None
2023-06-07,Mumbai,29.4,71.7,3.7,7.4,1011.7,Clear,None
2023-06-07,Kolkata,29.3,60.0,7.3,21.1,1018.2,Clear,None
2023-06-07,Mumbai,24.0,43.1,80.9,4.2,1015.9,Rainy,Torrential Downpour
2023-06-07,Mumbai,27.6,50.4,1.8,5.2,1010.1,Clear,None
2023-06-07,Delhi,16.6,67.9,33.1,13.5,1014.6,Rainy,None
2023-06-08,Mumbai,26.5,57.8,5.4,6.2,1003.7,Clear,None
2023-06-08,Bangalore,34.3,68.4,7.4,8.0,1002.9,Clear,None
2023-06-08,Kolkata,29.1,49.8,8.0,3.6,1019.3,Clear,None
2023-06-08,Delhi,34.5,66.6,11.3,4.8,1006.6,Rainy,None
2023-06-08,Delhi,26.7,57.3,15.0,14.9,1012.3,Rainy,None
2023-06-09,Chennai,24.0,76.1,9.8,8.8,1022.1,Clear,None
2023-06-09,Delhi,28.8,31.9,6.9,17.3,1015.9,Clear,None
2023-06-09,Chennai,24.2,49.5,1.5,9.4,1009.0,Clear,None
2023-06-09,Mumbai,26.4,74.4,35.1,12.1,1013.9,Rainy,None
2023-06-09,Mumbai,35.0,75.0,31.9,12.1,1010.2,Rainy,None
2023-06-10,Mumbai,28.4,45.7,5.0,7.1,1001.9,Clear,None
2023-06-10,Chennai,31.7,74.8,32.9,6.6,1013.1,Rainy,None
2023-06-10,Bangalore,22.0,65.9,13.9,15.2,1012.8,Rainy,None
2023-06-10,Mumbai,26.5,66.5,21.7,12.2,1008.2,Rainy,None
2023-06-10,Delhi,31.6,61.6,18.2,12.9,1007.1,Rainy,None
2023-06-11,Chennai,41.1,64.8,31.5,17.0,1016.8,Rainy,Heatwave
2023-06-11,Delhi,33.7,82.9,7.9,7.2,1015.6,Clear,None
2023-06-11,Delhi,26.9,86.1,10.3,11.6,1013.5,Rainy,None
2023-06-11,Bangalore,39.2,49.8,7.9,7.4,1005.0,Sunny,None
2023-06-11,Mumbai,20.9,63.8,18.8,5.0,1018.6,Rainy,None
2023-06-12,Delhi,32.7,63.4,9.9,21.4,1022.0,Clear,None
2023-06-12,Kolkata,14.8,54.8,16.6,20.3,1008.8,Rainy,None
2023-06-12,Chennai,30.5,61.7,11.7,7.8,1006.5,Rainy,None
2023-06-12,Mumbai,24.0,91.5,12.1,17.0,1023.0,Rainy,None
2023-06-12,Delhi,26.0,62.4,5.2,39.7,1017.9,Clear,None
2023-06-13,Kolkata,28.0,56.5,28.9,16.2,1010.6,Rainy,None
2023-06-13,Delhi,19.7,46.9,32.2,14.9,1005.5,Rainy,None
2023-06-13,Chennai,37.5,44.9,4.0,21.1,1011.1,Sunny,None
2023-06-13,Delhi,36.3,89.1,1.9,8.5,1009.4,Sunny,None
2023-06-13,Delhi,29.0,44.2,10.8,9.0,1012.5,Rainy,None
2023-06-14,Delhi,25.5,77.7,15.1,16.7,1020.9,Rainy,None
2023-06-14,Delhi,29.1,73.8,6.4,17.4,1021.8,Clear,None
2023-06-14,Chennai,27.3,80.5,18.6,14.8,1012.3,Rainy,None
2023-06-14,Bangalore,25.0,65.0,24.0,12.7,1010.2,Rainy,None
2023-06-14,Kolkata,27.3,78.0,18.8,10.4,1014.9,Rainy,None
2023-06-15,Kolkata,33.8,49.9,29.0,9.4,1013.5,Rainy,None
2023-06-15,Delhi,26.5,72.2,18.5,10.8,1011.2,Rainy,None
2023-06-15,Delhi,29.0,89.8,11.1,15.5,1017.6,Rainy,None
2023-06-15,Bangalore,22.2,52.9,16.2,25.1,1019.2,Rainy,None
2023-06-15,Delhi,25.8,43.0,1.2,6.2,1010.7,Clear,None
2023-06-16,Chennai,20.9,56.9,10.9,4.1,1009.6,Rainy,None
2023-06-16,Delhi,31.0,78.9,29.2,8.7,1005.2,Rainy,None
2023-06-16,Delhi,29.6,74.2,4.9,3.9,1008.1,Clear,None
2023-06-16,Delhi,28.1,70.1,6.7,10.1,1015.1,Clear,None
2023-06-16,Bangalore,23.2,83.0,5.9,25.8,1013.0,Clear,None
2023-06-17,Kolkata,29.1,56.5,22.7,6.7,1015.7,Rainy,None
2023-06-17,Kolkata,39.1,94.4,7.0,8.5,1014.7,Sunny,None
2023-06-17,Bangalore,24.2,74.1,20.5,14.6,1011.2,Rainy,None
2023-06-17,Mumbai,19.4,70.7,6.6,7.4,1016.2,Clear,None
2023-06-17,Bangalore,19.0,69.0,1.0,23.2,1011.9,Clear,None
2023-06-18,Bangalore,22.5,81.4,3.7,13.5,1001.0,Clear,None
2023-06-18,Kolkata,32.7,48.5,4.2,7.9,999.3,Clear,None
2023-06-18,Bangalore,33.2,65.2,17.6,25.7,1004.5,Rainy,None
2023-06-18,Bangalore,31.8,49.9,1.2,9.7,1015.7,Clear,None
2023-06-18,Delhi,27.7,41.7,2.2,11.4,1019.8,Clear,None
2023-06-19,Kolkata,35.3,45.1,14.2,14.7,1007.9,Rainy,None
2023-06-19,Mumbai,28.7,58.3,3.3,17.2,1016.1,Clear,None
2023-06-19,Chennai,31.0,71.3,35.8,20.7,1007.7,Rainy,None
2023-06-19,Bangalore,27.5,74.2,2.1,9.9,1004.1,Clear,None
2023-06-19,Chennai,35.2,43.0,0.1,24.3,1016.5,Sunny,None
2023-06-20,Mumbai,25.3,55.1,65.6,18.3,1017.7,Rainy,Torrential Downpour
2023-06-20,Bangalore,23.8,54.9,13.2,17.4,1004.4,Rainy,None
2023-06-20,Bangalore,23.7,50.8,20.0,17.1,1009.3,Rainy,None
2023-06-20,Chennai,32.1,88.6,1.3,7.0,1010.6,Clear,None
2023-06-20,Mumbai,30.6,50.3,3.8,12.0,1024.1,Clear,None
2023-06-21,Bangalore,13.0,72.1,9.2,4.3,1011.4,Clear,None
2023-06-21,Kolkata,23.1,61.2,16.7,11.4,1013.2,Rainy,None
2023-06-21,Delhi,19.8,75.4,4.5,6.5,1002.0,Clear,None
2023-06-21,Mumbai,28.3,68.1,8.2,12.8,1008.8,Clear,None
2023-06-21,Kolkata,32.9,65.9,1.4,7.5,1018.7,Clear,None
2023-06-22,Delhi,25.1,63.7,18.1,12.3,1013.5,Rainy,None
2023-06-22,Mumbai,33.1,67.6,29.1,15.8,1006.9,Rainy,None
2023-06-22,Bangalore,34.5,89.0,18.0,6.0,1021.0,Rainy,None
2023-06-22,Bangalore,28.0,65.4,14.9,16.4,1016.8,Rainy,None
2023-06-22,Mumbai,28.0,66.1,14.7,14.2,1011.7,Rainy,None
2023-06-23,Kolkata,26.9,33.5,0.0,8.7,1012.8,Clear,None
2023-06-23,Delhi,25.4,50.0,6.9,13.8,1002.9,Clear,None
2023-06-23,Kolkata,27.8,67.4,20.1,5.1,1008.5,Rainy,None
2023-06-23,Mumbai,33.8,72.6,24.9,8.5,1012.9,Rainy,None
2023-06-23,Chennai,24.6,75.1,5.3,17.4,1015.0,Clear,None
2023-06-24,Bangalore,29.1,60.9,1.1,6.8,1016.5,Clear,None
2023-06-24,Mumbai,26.3,62.3,3.7,7.8,1006.1,Clear,None
2023-06-24,Kolkata,32.6,75.2,6.9,6.9,1020.1,Clear,None
2023-06-24,Bangalore,30.5,80.2,0.1,12.0,1007.9,Clear,None
2023-06-24,Kolkata,34.8,42.7,1.7,11.7,1007.6,Clear,None
2023-06-25,Bangalore,30.0,65.3,9.1,12.2,1013.0,Clear,None
2023-06-25,Bangalore,26.9,76.9,12.1,26.6,1010.4,Rainy,None
2023-06-25,Delhi,21.6,51.0,7.0,5.0,1015.5,Clear,None
2023-06-25,Kolkata,43.5,85.0,2.5,6.7,1010.9,Sunny,Heatwave
2023-06-25,Chennai,26.9,39.9,7.1,13.8,1011.4,Clear,None
2023-06-26,Chennai,31.7,66.8,54.4,4.7,1021.8,Rainy,Torrential Downpour
2023-06-26,Mumbai,24.2,64.9,18.6,23.0,1025.4,Rainy,None
2023-06-26,Kolkata,30.7,65.6,15.0,4.8,1008.6,Rainy,None
2023-06-26,Bangalore,29.6,65.5,5.6,23.7,1020.0,Clear,None
2023-06-26,Mumbai,28.9,48.3,8.5,23.0,1002.9,Clear,None
2023-06-27,Chennai,34.6,56.5,7.8,17.1,1009.1,Clear,None
2023-06-27,Bangalore,29.0,41.7,1.7,14.1,1009.8,Clear,None
2023-06-27,Kolkata,25.7,68.1,17.4,11.1,1019.1,Rainy,None
2023-06-27,Bangalore,37.5,63.4,4.1,11.0,1014.7,Sunny,None
2023-06-27,Mumbai,37.2,53.8,24.0,25.8,1018.1,Rainy,None
2023-06-28,Kolkata,23.6,112.9,21.4,8.2,1007.3,Rainy,None
2023-06-28,Bangalore,26.2,62.5,7.9,11.0,1008.1,Clear,None
2023-06-28,Bangalore,27.0,63.9,31.9,15.4,1006.7,Rainy,None
2023-06-28,Kolkata,29.2,79.4,0.2,3.2,1018.5,Clear,None
2023-06-28,Bangalore,33.9,81.3,14.8,5.4,1006.9,Rainy,None
2023-06-29,Delhi,31.9,60.5,6.1,11.1,1009.1,Clear,None
2023-06-29,Bangalore,31.4,67.2,3.0,13.2,1014.7,Clear,None
2023-06-29,Mumbai,34.7,74.4,22.8,15.1,1004.2,Rainy,None
2023-06-29,Mumbai,33.7,82.4,3.6,12.4,1016.4,Clear,None
2023-06-29,Mumbai,30.9,40.6,9.6,3.6,1006.1,Clear,None
2023-06-30,Mumbai,25.2,77.5,3.0,9.4,1003.8,Clear,None
2023-06-30,Chennai,21.3,63.3,14.1,15.8,1017.9,Rainy,None
2023-06-30,Delhi,21.6,84.6,15.5,11.7,1002.8,Rainy,None
2023-06-30,Chennai,35.2,84.0,2.3,18.0,1012.2,Sunny,None
2023-06-30,Chennai,24.9,83.4,7.6,16.1,1010.8,Clear,None
2023-07-01,Kolkata,29.3,55.8,1.8,9.4,1009.9,Clear,None
2023-07-01,Chennai,31.6,72.6,2.9,4.3,1008.4,Clear,None
2023-07-01,Chennai,17.7,47.2,16.0,3.4,1007.3,Rainy,None
2023-07-01,Bangalore,32.5,87.0,16.2,17.6,1003.6,Rainy,None
2023-07-01,Chennai,25.7,81.7,41.0,11.5,1014.5,Rainy,None
2023-07-02,Delhi,21.5,95.6,26.9,14.5,1008.8,Rainy,None
2023-07-02,Kolkata,35.3,39.5,6.9,6.1,1002.4,Sunny,None
2023-07-02,Chennai,26.9,84.7,0.9,16.3,1003.3,Clear,None
2023-07-02,Delhi,22.3,99.4,0.5,9.7,1014.0,Clear,None
2023-07-02,Delhi,24.9,68.0,1.9,22.5,1015.8,Clear,None
2023-07-03,Mumbai,27.9,52.2,11.9,5.8,1006.4,Rainy,None
2023-07-03,Chennai,31.6,52.9,4.8,8.2,1012.7,Clear,None
2023-07-03,Mumbai,28.3,79.2,14.2,19.5,1010.6,Rainy,None
2023-07-03,Delhi,27.1,79.9,22.6,10.7,1009.9,Rainy,None
2023-07-03,Chennai,21.8,66.5,21.1,33.6,1012.1,Rainy,None
2023-07-04,Bangalore,23.2,75.1,21.0,5.4,1011.8,Rainy,None
2023-07-04,Delhi,28.5,53.0,1.3,19.2,1005.4,Clear,None
2023-07-04,Chennai,27.1,69.0,14.3,11.3,1012.0,Rainy,None
2023-07-04,Chennai,30.3,83.9,9.5,10.6,1003.9,Clear,None
2023-07-04,Mumbai,37.0,80.8,5.1,11.6,1013.6,Sunny,None
2023-07-05,Mumbai,39.7,64.9,3.0,19.3,1004.9,Sunny,None
2023-07-05,Kolkata,33.2,57.6,4.6,1.8,1012.8,Clear,None
2023-07-05,Bangalore,28.3,47.3,8.8,7.7,1018.0,Clear,None
2023-07-05,Mumbai,28.0,44.1,1.2,9.8,1010.6,Clear,None
2023-07-05,Chennai,31.8,63.5,15.8,7.7,1000.6,Rainy,None
2023-07-06,Delhi,28.5,59.6,0.4,4.1,1000.0,Clear,None
2023-07-06,Chennai,26.9,89.7,8.3,18.2,1019.5,Clear,None
2023-07-06,Mumbai,21.4,59.4,39.8,3.3,1016.4,Rainy,None
2023-07-06,Delhi,32.7,49.2,8.3,8.5,1015.6,Clear,None
2023-07-06,Kolkata,20.1,58.8,1.7,10.7,1007.6,Clear,None
2023-07-07,Delhi,19.2,76.9,29.0,16.1,1008.0,Rainy,None
2023-07-07,Kolkata,32.7,80.7,5.3,9.0,1013.5,Clear,None
2023-07-07,Bangalore,34.7,56.7,5.3,2.5,1022.1,Clear,None
2023-07-07,Delhi,31.9,88.2,1.7,7.3,1013.2,Clear,None
2023-07-07,Delhi,33.6,51.6,5.1,7.7,1016.0,Clear,None
2023-07-08,Bangalore,42.4,66.4,4.8,23.9,1014.8,Sunny,Heatwave
2023-07-08,Kolkata,20.6,36.0,25.1,15.0,1013.6,Rainy,None
2023-07-08,Kolkata,23.7,74.4,12.7,1.6,1001.8,Rainy,None
2023-07-08,Bangalore,26.3,58.1,12.7,7.0,1012.1,Rainy,None
2023-07-08,Chennai,35.0,64.2,36.7,13.7,1006.1,Rainy,None
2023-07-09,Kolkata,36.5,76.4,5.9,11.3,1012.1,Sunny,None
2023-07-09,Delhi,27.3,70.6,19.4,17.6,1013.2,Rainy,None
2023-07-09,Kolkata,20.0,62.7,1.5,33.5,1022.6,Clear,None
2023-07-09,Delhi,30.9,56.4,4.5,9.0,1015.3,Clear,None
2023-07-09,Chennai,38.6,53.8,0.8,13.9,1003.3,Sunny,None
2023-07-10,Kolkata,27.1,38.9,11.1,8.4,1002.4,Rainy,None
2023-07-10,Delhi,34.6,86.2,18.9,11.7,1014.6,Rainy,None
2023-07-10,Mumbai,23.5,67.2,4.6,10.0,1001.9,Clear,None
2023-07-10,Kolkata,26.7,59.2,15.5,8.1,1022.6,Rainy,None
2023-07-10,Chennai,29.0,53.2,0.2,30.8,1010.9,Clear,None
2023-07-11,Kolkata,22.1,72.9,24.6,7.2,1008.5,Rainy,None
2023-07-11,Chennai,31.5,53.0,0.6,6.6,1011.4,Clear,None
2023-07-11,Bangalore,30.4,50.0,3.4,15.0,1007.1,Clear,None
2023-07-11,Delhi,32.6,37.7,51.9,9.2,1018.7,Rainy,Torrential Downpour
2023-07-11,Kolkata,23.1,76.2,6.5,28.9,1002.7,Clear,None
2023-07-12,Delhi,31.6,71.6,2.4,15.1,1016.3,Clear,None
2023-07-12,Mumbai,26.2,55.0,6.5,3.9,1009.9,Clear,None
2023-07-12,Chennai,24.0,61.3,16.3,12.1,1018.8,Rainy,None
2023-07-12,Kolkata,24.8,70.9,13.3,14.4,1006.2,Rainy,None
2023-07-12,Delhi,27.8,85.0,72.6,10.7,1011.6,Rainy,Torrential Downpour
2023-07-13,Bangalore,19.7,61.0,1.8,19.8,1016.2,Clear,None
2023-07-13,Mumbai,22.4,84.0,20.2,1.0,1010.6,Rainy,None
2023-07-13,Bangalore,35.1,65.7,10.4,6.0,1013.3,Rainy,None
2023-07-13,Bangalore,30.3,70.2,0.3,5.1,1007.6,Clear,None
2023-07-13,Kolkata,23.2,75.1,25.0,18.8,1013.7,Rainy,None
2023-07-14,Kolkata,32.9,80.7,12.9,16.8,1000.9,Rainy,None
2023-07-14,Kolkata,29.8,58.6,23.5,8.1,995.1,Rainy,None
2023-07-14,Bangalore,24.4,38.9,9.0,4.6,1003.2,Clear,None
2023-07-14,Kolkata,34.1,63.3,13.4,1.6,1015.2,Rainy,None
2023-07-14,Bangalore,24.7,71.9,42.2,4.8,1017.8,Rainy,None
2023-07-15,Kolkata,24.8,84.7,18.0,5.9,1010.8,Rainy,None
2023-07-15,Mumbai,25.0,36.1,6.6,9.4,1012.3,Clear,None
2023-07-15,Kolkata,22.4,48.5,48.5,10.6,1016.2,Rainy,None
2023-07-15,Delhi,23.2,76.6,2.7,9.7,1005.7,Clear,None
2023-07-15,Mumbai,18.4,68.1,3.1,3.0,1011.5,Clear,None
2023-07-16,Kolkata,36.5,71.4,4.6,13.7,1009.6,Sunny,None
2023-07-16,Chennai,29.6,65.4,1.2,7.9,1000.3,Clear,None
2023-07-16,Bangalore,14.9,47.6,3.0,5.6,1002.3,Clear,None
2023-07-16,Kolkata,39.7,94.3,1.8,17.6,1018.3,Sunny,None
2023-07-16,Bangalore,32.6,76.8,11.6,4.1,1002.5,Rainy,None
2023-07-17,Bangalore,24.6,59.0,7.1,10.1,1009.2,Clear,None
2023-07-17,Mumbai,42.7,87.6,41.9,8.2,1018.2,Rainy,Heatwave
2023-07-17,Mumbai,30.9,66.7,7.1,3.8,1006.8,Clear,None
2023-07-17,Delhi,32.2,71.1,20.6,10.4,1007.5,Rainy,None
2023-07-17,Mumbai,35.9,41.0,1.4,15.6,1009.4,Sunny,None
2023-07-18,Bangalore,30.6,30.2,24.8,3.3,1014.3,Rainy,None
2023-07-18,Delhi,33.4,72.7,7.5,15.7,1015.4,Clear,None
2023-07-18,Kolkata,30.1,63.3,23.5,18.4,1012.4,Rainy,None
2023-07-18,Kolkata,28.3,92.9,8.0,7.5,1015.8,Clear,None
2023-07-18,Bangalore,35.6,58.9,5.6,13.6,1015.8,Sunny,None
2023-07-19,Bangalore,27.5,38.0,5.2,12.9,1019.1,Clear,None
2023-07-19,Chennai,15.8,66.9,29.3,11.0,1021.0,Rainy,None
2023-07-19,Kolkata,33.0,77.3,7.2,8.0,1016.0,Clear,None
2023-07-19,Mumbai,25.1,63.4,42.1,14.9,1013.4,Rainy,None
2023-07-19,Kolkata,27.8,67.9,9.2,2.3,1015.9,Clear,None
